budget_type,budget,algo,avg_rank,instances,runs_per_cell,friedman_stat,p_value
time,30,a0_base,8,2,9,16.5818,0.0556819
time,30,a1_rank_mbest,9,2,9,16.5818,0.0556819
time,30,a2_sobol,8.5,2,9,16.5818,0.0556819
time,30,a3_adaptive_alpha,8.5,2,9,16.5818,0.0556819
time,30,a4_memetic_ls,2.5,2,9,16.5818,0.0556819
time,30,a5_tunneling,1.5,2,9,16.5818,0.0556819
time,30,a6_qubo,4.5,2,9,16.5818,0.0556819
time,30,a7_full,4.5,2,9,16.5818,0.0556819
time,30,pso_ls,2,2,9,16.5818,0.0556819
time,30,rr_ls,6,2,9,16.5818,0.0556819
