tour,mode,ms,F_before,F_after
0,generic_td,94.4105,2.27289,1.00984
0,proxy_td_verified,3.2261,2.27289,0.990814
1,generic_td,638.151,2.37855,0.888154
1,proxy_td_verified,3.3194,2.37855,0.982205
2,generic_td,138.883,2.9533,1.04577
2,proxy_td_verified,3.4077,2.9533,1.03386
3,generic_td,354.561,2.17908,0.971257
3,proxy_td_verified,2.8412,2.17908,1.02533
4,generic_td,227.141,2.3137,1.02049
4,proxy_td_verified,3.309,2.3137,1.08719
5,generic_td,101.887,2.29569,1.02701
5,proxy_td_verified,2.4624,2.29569,1.08651
6,generic_td,85.7981,2.20291,1.09014
6,proxy_td_verified,3.0434,2.20291,0.988007
7,generic_td,97.6638,2.53126,1.17333
7,proxy_td_verified,3.4965,2.53126,1.05527
8,generic_td,197.436,2.44892,1.03249
8,proxy_td_verified,2.2986,2.44892,1.13085
9,generic_td,119.737,2.47117,1.08604
9,proxy_td_verified,3.302,2.47117,1.0665
10,generic_td,45.2194,2.48303,1.1738
10,proxy_td_verified,2.1087,2.48303,1.16142
11,generic_td,224.604,2.23066,0.979181
11,proxy_td_verified,3.5293,2.23066,0.930046
12,generic_td,324.505,2.28191,0.939271
12,proxy_td_verified,4.719,2.28191,0.911417
13,generic_td,77.4158,2.41417,1.09618
13,proxy_td_verified,3.0973,2.41417,0.965423
14,generic_td,79.4086,2.23168,0.993854
14,proxy_td_verified,2.7463,2.23168,1.02746
15,generic_td,122.818,2.34798,1.02191
15,proxy_td_verified,2.5039,2.34798,1.04883
16,generic_td,197.886,2.43576,0.985384
16,proxy_td_verified,2.0987,2.43576,1.04807
17,generic_td,114.852,2.24857,1.13705
17,proxy_td_verified,2.4065,2.24857,1.09841
18,generic_td,183.301,2.37152,1.00314
18,proxy_td_verified,3.6245,2.37152,0.912953
19,generic_td,56.6275,2.1566,1.13749
19,proxy_td_verified,2.1801,2.1566,1.07072
20,generic_td,159.492,2.54379,1.01484
20,proxy_td_verified,3.8791,2.54379,0.953272
21,generic_td,178.975,2.46895,0.962738
21,proxy_td_verified,2.5654,2.46895,1.10553
22,generic_td,150.094,2.14124,1.05005
22,proxy_td_verified,2.9475,2.14124,1.05573
23,generic_td,169.101,2.44116,1.02457
23,proxy_td_verified,2.8296,2.44116,1.05461
24,generic_td,200.152,2.31405,1.05368
24,proxy_td_verified,3.8677,2.31405,0.963695
25,generic_td,77.2497,2.36421,1.11609
25,proxy_td_verified,3.1739,2.36421,1.03729
26,generic_td,95.5177,2.47504,1.07589
26,proxy_td_verified,2.5996,2.47504,1.16641
27,generic_td,49.7146,2.39133,1.15901
27,proxy_td_verified,2.5109,2.39133,1.14393
28,generic_td,222.028,2.99639,1.02203
28,proxy_td_verified,3.5555,2.99639,1.06151
29,generic_td,295.159,2.4484,1.01609
29,proxy_td_verified,3.3326,2.4484,1.0341
30,generic_td,354.018,2.25086,0.907974
30,proxy_td_verified,3.3808,2.25086,0.98881
31,generic_td,266.46,2.37484,0.973475
31,proxy_td_verified,2.8072,2.37484,0.979719
32,generic_td,83.7956,2.42239,1.10472
32,proxy_td_verified,1.6102,2.42239,1.12384
33,generic_td,207.232,2.20106,1.00272
33,proxy_td_verified,3.9247,2.20106,0.969637
34,generic_td,106.894,2.34129,1.11164
34,proxy_td_verified,3.5014,2.34129,1.05289
35,generic_td,126.825,2.24882,1.01767
35,proxy_td_verified,4.1344,2.24882,0.924969
36,generic_td,96.8059,2.26139,1.10094
36,proxy_td_verified,3.4259,2.26139,0.994276
37,generic_td,121.797,2.36648,1.06432
37,proxy_td_verified,3.1085,2.36648,1.04609
38,generic_td,109.588,2.19264,1.09562
38,proxy_td_verified,3.1343,2.19264,1.07764
39,generic_td,192.75,2.25171,1.04829
39,proxy_td_verified,2.9632,2.25171,1.00854
40,generic_td,74.8082,2.28879,1.12985
40,proxy_td_verified,2.2328,2.28879,1.02614
41,generic_td,107.448,2.23187,1.01228
41,proxy_td_verified,1.7553,2.23187,1.16456
42,generic_td,112.186,2.40903,1.02194
42,proxy_td_verified,3.3959,2.40903,1.01153
43,generic_td,159.568,2.18117,0.946539
43,proxy_td_verified,1.8288,2.18117,1.14922
44,generic_td,188.409,2.36281,0.957135
44,proxy_td_verified,3.7734,2.36281,0.981981
45,generic_td,79.3801,2.48851,1.12311
45,proxy_td_verified,3.2604,2.48851,0.995157
46,generic_td,311.52,2.38635,0.956327
46,proxy_td_verified,3.0805,2.38635,1.02879
47,generic_td,53.8453,2.4547,1.14051
47,proxy_td_verified,2.4519,2.4547,1.1083
48,generic_td,40.6232,2.43585,1.15124
48,proxy_td_verified,3.2041,2.43585,1.02532
49,generic_td,166.72,2.45433,1.01503
49,proxy_td_verified,2.8124,2.45433,1.07119
50,generic_td,292.772,2.42481,0.937691
50,proxy_td_verified,4.0987,2.42481,0.940163
51,generic_td,109.343,2.38945,1.00442
51,proxy_td_verified,3.7349,2.38945,0.91107
52,generic_td,205.158,2.4018,1.00157
52,proxy_td_verified,2.889,2.4018,1.04114
53,generic_td,102.909,2.44532,1.09153
53,proxy_td_verified,2.3939,2.44532,1.15489
54,generic_td,157.274,2.08346,0.978447
54,proxy_td_verified,2.3678,2.08346,1.1235
55,generic_td,465.286,2.30787,0.983736
55,proxy_td_verified,3.561,2.30787,1.0395
56,generic_td,126.839,2.79156,1.03905
56,proxy_td_verified,2.3442,2.79156,1.08915
57,generic_td,169.523,2.43147,1.00542
57,proxy_td_verified,3.0532,2.43147,1.06793
58,generic_td,75.4964,2.35014,1.07628
58,proxy_td_verified,3.8789,2.35014,1.02425
59,generic_td,303.862,2.21312,1.0469
59,proxy_td_verified,4.0902,2.21312,0.976889
60,generic_td,337.546,2.35735,0.888177
60,proxy_td_verified,3.565,2.35735,0.966364
61,generic_td,395.241,2.32154,1.03144
61,proxy_td_verified,2.9326,2.32154,1.0226
62,generic_td,246.251,2.49125,0.967041
62,proxy_td_verified,3.8475,2.49125,0.957841
63,generic_td,83.2307,2.44114,1.096
63,proxy_td_verified,2.4859,2.44114,1.02086
64,generic_td,52.2541,2.54196,1.19185
64,proxy_td_verified,2.8603,2.54196,1.13861
65,generic_td,113.466,2.40127,1.07963
65,proxy_td_verified,4.0026,2.40127,1.04232
66,generic_td,279.72,2.27641,0.888813
66,proxy_td_verified,2.542,2.27641,0.943959
67,generic_td,131.817,2.28119,0.952221
67,proxy_td_verified,2.8774,2.28119,1.06661
68,generic_td,119.731,2.89292,1.08075
68,proxy_td_verified,3.3269,2.89292,0.973265
69,generic_td,62.4544,2.2585,1.13081
69,proxy_td_verified,2.9187,2.2585,1.09617
70,generic_td,173.783,2.47281,1.03398
70,proxy_td_verified,2.1739,2.47281,1.1472
71,generic_td,365.246,2.35702,0.920246
71,proxy_td_verified,3.7635,2.35702,1.05353
72,generic_td,128.819,2.46378,1.06747
72,proxy_td_verified,3.3216,2.46378,0.953501
73,generic_td,281.32,2.45878,0.972229
73,proxy_td_verified,3.2277,2.45878,1.04464
74,generic_td,88.2516,2.39096,1.05886
74,proxy_td_verified,3.5551,2.39096,1.01941
75,generic_td,222.268,2.39416,0.933425
75,proxy_td_verified,2.9456,2.39416,0.95106
76,generic_td,54.3329,2.36626,1.24359
76,proxy_td_verified,3.1587,2.36626,1.03339
77,generic_td,52.5706,2.35128,1.16309
77,proxy_td_verified,2.1824,2.35128,1.15086
78,generic_td,294.763,2.31883,0.934175
78,proxy_td_verified,3.2985,2.31883,0.969212
79,generic_td,61.7168,2.37858,1.14211
79,proxy_td_verified,2.2276,2.37858,1.11375
80,generic_td,90.0662,2.26489,1.05523
80,proxy_td_verified,2.2234,2.26489,1.0137
81,generic_td,92.0017,2.32605,1.04475
81,proxy_td_verified,1.9861,2.32605,1.16553
82,generic_td,62.6011,2.35899,1.18763
82,proxy_td_verified,3.0031,2.35899,1.07234
83,generic_td,240.226,2.26132,0.937039
83,proxy_td_verified,2.3633,2.26132,1.13059
84,generic_td,100.696,2.22649,1.06463
84,proxy_td_verified,2.7555,2.22649,1.05835
85,generic_td,46.2851,2.34976,1.15202
85,proxy_td_verified,3.9938,2.34976,0.994337
86,generic_td,94.4827,2.47036,1.04762
86,proxy_td_verified,2.7217,2.47036,1.1384
87,generic_td,277.371,2.31846,0.960122
87,proxy_td_verified,3.8524,2.31846,0.975469
88,generic_td,100.973,2.27076,1.02849
88,proxy_td_verified,2.6655,2.27076,0.986224
89,generic_td,63.126,2.47313,1.11102
89,proxy_td_verified,2.3093,2.47313,1.06801
90,generic_td,100.325,2.3763,1.07253
90,proxy_td_verified,3.0413,2.3763,1.00138
91,generic_td,214.472,2.3187,0.944327
91,proxy_td_verified,3.8075,2.3187,0.944145
92,generic_td,357.075,2.38389,1.03833
92,proxy_td_verified,4.6945,2.38389,0.967551
93,generic_td,304.756,2.47957,0.996439
93,proxy_td_verified,3.0735,2.47957,1.03263
94,generic_td,211.598,2.4004,0.96501
94,proxy_td_verified,2.8725,2.4004,0.951356
95,generic_td,138.878,2.44035,1.07069
95,proxy_td_verified,1.9542,2.44035,1.20488
96,generic_td,113.981,2.32384,1.05531
96,proxy_td_verified,2.8489,2.32384,0.99785
97,generic_td,133.281,2.39014,1.06865
97,proxy_td_verified,1.8397,2.39014,1.1033
98,generic_td,390.256,2.17605,0.913413
98,proxy_td_verified,3.3946,2.17605,0.974748
99,generic_td,122.323,2.25384,1.02866
99,proxy_td_verified,2.9692,2.25384,1.00805
