exp,line,algo,instance,budget,seed,wall_s,wall_ratio,work_per_s,ls_per_s,calib,start_ts,work_per_s_rel,ls_per_s_rel,calib_rel,flag_reason,flagged,start_local
confirm_d54,0,ortools,A-n32-k5,30,65345,29.91,0.9969,,,4315000,1.791e+09,,,1.179,,False,18:42
confirm_d54,1,ortools,A-n32-k5,30,65346,29.91,0.9969,,,4160000,1.791e+09,,,1.137,,False,18:42
confirm_d54,2,qn_tuned,A-n32-k5,30,65345,30,1,5567,1360,4640000,1.791e+09,1.096,1.095,1.268,,False,18:42
confirm_d54,3,pso_tuned,A-n32-k5,30,65345,30,1,4959,1252,4710000,1.791e+09,1.097,1.097,1.287,,False,18:42
confirm_d54,4,ga_ls,A-n32-k5,30,65345,30,1,3920,1041,3790000,1.791e+09,1.131,1.131,1.036,,False,18:42
confirm_d54,5,pso_tuned,A-n32-k5,30,65346,30,1,4816,1215,4520000,1.791e+09,1.065,1.065,1.235,,False,18:42
confirm_d54,6,ga_ls,A-n32-k5,30,65346,30,1,3721,988.4,4425000,1.791e+09,1.074,1.074,1.209,,False,18:42
confirm_d54,7,qn_tuned,A-n32-k5,30,65346,30,1,5328,1305,4715000,1.791e+09,1.049,1.051,1.288,,False,18:42
confirm_d54,8,pso_tuned,A-n32-k5,30,65347,30,1,4923,1243,4490000,1.791e+09,1.089,1.089,1.227,,False,18:42
confirm_d54,9,ortools,A-n32-k5,30,65347,29.91,0.9969,,,3700000,1.791e+09,,,1.011,,False,18:42
confirm_d54,10,ga_ls,A-n32-k5,30,65347,30,1,3734,991.8,4150000,1.791e+09,1.078,1.077,1.134,,False,18:42
confirm_d54,11,ortools,A-n32-k5,30,65348,29.9,0.9968,,,3775000,1.791e+09,,,1.031,,False,18:43
confirm_d54,12,qn_tuned,A-n32-k5,30,65347,30,1,4856,1187,4145000,1.791e+09,0.9561,0.9558,1.133,,False,18:43
confirm_d54,13,ga_ls,A-n32-k5,30,65348,30,1,3195,848.7,4180000,1.791e+09,0.9219,0.9219,1.142,,False,18:43
confirm_d54,14,ortools,A-n32-k5,30,65349,29.91,0.9968,,,3825000,1.791e+09,,,1.045,,False,18:43
confirm_d54,15,ortools,A-n32-k5,30,65350,29.91,0.9969,,,4095000,1.791e+09,,,1.119,,False,18:43
confirm_d54,16,pso_tuned,A-n32-k5,30,65348,30,1,4329,1093,4170000,1.791e+09,0.9574,0.9574,1.139,,False,18:43
confirm_d54,17,qn_tuned,A-n32-k5,30,65348,30,1,4655,1140,4290000,1.791e+09,0.9165,0.9176,1.172,,False,18:43
confirm_d54,18,pso_tuned,A-n32-k5,30,65349,30,1,4240,1070,4730000,1.791e+09,0.9377,0.9376,1.292,,False,18:43
confirm_d54,19,ga_ls,A-n32-k5,30,65349,30,1,3131,831.5,4045000,1.791e+09,0.9036,0.9033,1.105,,False,18:43
confirm_d54,20,qn_tuned,A-n32-k5,30,65349,30,1,4692,1150,4875000,1.791e+09,0.9238,0.9256,1.332,,False,18:43
confirm_d54,21,qn_tuned,A-n32-k5,30,65350,30,1,4720,1153,3695000,1.791e+09,0.9293,0.9285,1.01,,False,18:43
confirm_d54,22,ortools,A-n32-k5,30,65351,29.91,0.9969,,,3495000,1.791e+09,,,0.9549,,False,18:43
confirm_d54,23,pso_tuned,A-n32-k5,30,65350,30,1,4591,1159,3385000,1.791e+09,1.015,1.015,0.9249,,False,18:43
confirm_d54,24,ga_ls,A-n32-k5,30,65350,30,1,3397,902.2,3260000,1.791e+09,0.9803,0.9801,0.8907,,False,18:43
confirm_d54,25,ortools,A-n32-k5,30,65352,29.91,0.9969,,,3720000,1.791e+09,,,1.016,,False,18:43
confirm_d54,26,qn_tuned,A-n32-k5,30,65351,30,1,4601,1126,3360000,1.791e+09,0.9057,0.9067,0.918,,False,18:43
confirm_d54,27,pso_tuned,A-n32-k5,30,65351,30,1,4477,1130,3230000,1.791e+09,0.9901,0.9899,0.8825,,False,18:43
confirm_d54,28,ga_ls,A-n32-k5,30,65351,30,1,3484,925.5,3705000,1.791e+09,1.005,1.005,1.012,,False,18:43
confirm_d54,29,ga_ls,A-n32-k5,30,65352,30,1,3374,896.2,3275000,1.791e+09,0.9735,0.9735,0.8948,,False,18:43
confirm_d54,30,ortools,A-n32-k5,30,65353,29.91,0.9968,,,3265000,1.791e+09,,,0.8921,,False,18:43
confirm_d54,31,pso_tuned,A-n32-k5,30,65352,30,1,4560,1151,3965000,1.791e+09,1.008,1.008,1.083,,False,18:43
confirm_d54,32,qn_tuned,A-n32-k5,30,65352,30,1,5041,1235,3535000,1.791e+09,0.9924,0.994,0.9658,,False,18:43
confirm_d54,33,ga_ls,A-n32-k5,30,65353,30,1,3443,914.4,3395000,1.791e+09,0.9935,0.9932,0.9276,,False,18:44
confirm_d54,34,ortools,A-n32-k5,30,65354,29.9,0.9968,,,3310000,1.791e+09,,,0.9044,,False,18:44
confirm_d54,35,pso_tuned,A-n32-k5,30,65353,30,1,4459,1125,3775000,1.791e+09,0.9861,0.986,1.031,,False,18:44
confirm_d54,36,ortools,A-n32-k5,30,65355,29.9,0.9968,,,3410000,1.791e+09,,,0.9317,,False,18:44
confirm_d54,37,qn_tuned,A-n32-k5,30,65353,30,1,5323,1304,3845000,1.791e+09,1.048,1.05,1.051,,False,18:44
confirm_d54,38,pso_tuned,A-n32-k5,30,65354,30,1,4322,1091,3325000,1.791e+09,0.9558,0.9556,0.9085,,False,18:44
confirm_d54,39,qn_tuned,A-n32-k5,30,65354,30,1,5191,1269,3805000,1.791e+09,1.022,1.021,1.04,,False,18:44
confirm_d54,40,ga_ls,A-n32-k5,30,65354,30,1,3479,924.1,3625000,1.791e+09,1.004,1.004,0.9904,,False,18:44
confirm_d54,41,ga_ls,A-n32-k5,30,65355,30,1,3457,918.4,3910000,1.791e+09,0.9975,0.9976,1.068,,False,18:44
confirm_d54,42,qn_tuned,A-n32-k5,30,65355,30,1,5028,1230,3395000,1.791e+09,0.9899,0.9907,0.9276,,False,18:44
confirm_d54,43,pso_tuned,A-n32-k5,30,65355,30,1,4588,1158,3440000,1.791e+09,1.015,1.014,0.9399,,False,18:44
confirm_d54,44,ortools,A-n32-k5,30,65356,29.91,0.9969,,,3490000,1.791e+09,,,0.9536,,False,18:44
confirm_d54,45,ortools,A-n32-k5,30,65357,29.91,0.9969,,,3310000,1.791e+09,,,0.9044,,False,18:44
confirm_d54,46,qn_tuned,A-n32-k5,30,65356,30,1,5475,1339,3690000,1.791e+09,1.078,1.078,1.008,,False,18:44
confirm_d54,47,ga_ls,A-n32-k5,30,65356,30,1,3524,936.3,3280000,1.791e+09,1.017,1.017,0.8962,,False,18:44
confirm_d54,48,pso_tuned,A-n32-k5,30,65356,30,1,4456,1125,3255000,1.791e+09,0.9854,0.9854,0.8893,,False,18:44
confirm_d54,49,ortools,A-n32-k5,30,65358,29.91,0.9969,,,3775000,1.791e+09,,,1.031,,False,18:44
confirm_d54,50,ga_ls,A-n32-k5,30,65357,30,1,3532,938.3,3665000,1.791e+09,1.019,1.019,1.001,,False,18:44
confirm_d54,51,qn_tuned,A-n32-k5,30,65357,30,1,5098,1245,4205000,1.791e+09,1.004,1.002,1.149,,False,18:44
confirm_d54,52,pso_tuned,A-n32-k5,30,65357,30,1,4491,1133,3555000,1.791e+09,0.993,0.9928,0.9713,,False,18:44
confirm_d54,53,ga_ls,A-n32-k5,30,65358,30,1,3340,887.1,3425000,1.791e+09,0.9637,0.9636,0.9358,,False,18:44
confirm_d54,54,pso_tuned,A-n32-k5,30,65358,30,1,4481,1131,3685000,1.791e+09,0.9909,0.9907,1.007,,False,18:44
confirm_d54,55,ortools,A-n32-k5,30,65359,29.9,0.9968,,,3635000,1.791e+09,,,0.9932,,False,18:45
confirm_d54,56,qn_tuned,A-n32-k5,30,65358,30,1,5235,1279,3650000,1.791e+09,1.031,1.03,0.9973,,False,18:45
confirm_d54,57,pso_tuned,A-n32-k5,30,65359,30,1,4498,1135,3595000,1.791e+09,0.9947,0.9946,0.9822,,False,18:45
confirm_d54,58,ortools,A-n32-k5,30,65360,29.9,0.9968,,,3720000,1.791e+09,,,1.016,,False,18:45
confirm_d54,59,qn_tuned,A-n32-k5,30,65359,30,1,5154,1260,3955000,1.791e+09,1.015,1.015,1.081,,False,18:45
confirm_d54,60,ga_ls,A-n32-k5,30,65359,30,1,3472,922.4,4485000,1.791e+09,1.002,1.002,1.225,,False,18:45
confirm_d54,61,pso_tuned,A-n32-k5,30,65360,30,1,4578,1155,3625000,1.791e+09,1.012,1.012,0.9904,,False,18:45
confirm_d54,62,ga_ls,A-n32-k5,30,65360,30,1,3489,926.8,4065000,1.791e+09,1.007,1.007,1.111,,False,18:45
confirm_d54,63,qn_tuned,A-n32-k5,30,65360,30,1,5059,1236,3645000,1.791e+09,0.996,0.9951,0.9959,,False,18:45
confirm_d54,64,ga_ls,A-n32-k5,30,65361,30,1,3435,912.3,4075000,1.791e+09,0.9912,0.991,1.113,,False,18:45
confirm_d54,65,pso_tuned,A-n32-k5,30,65361,30,1,4641,1171,3285000,1.791e+09,1.026,1.026,0.8975,,False,18:45
confirm_d54,66,ortools,A-n32-k5,30,65361,29.9,0.9968,,,3525000,1.791e+09,,,0.9631,,False,18:45
confirm_d54,67,ortools,A-n32-k5,30,65362,29.91,0.9969,,,3710000,1.791e+09,,,1.014,,False,18:45
confirm_d54,68,qn_tuned,A-n32-k5,30,65361,30,1,5298,1295,3535000,1.791e+09,1.043,1.043,0.9658,,False,18:45
confirm_d54,69,ortools,A-n32-k5,30,65363,29.91,0.9969,,,3835000,1.791e+09,,,1.048,,False,18:45
confirm_d54,70,qn_tuned,A-n32-k5,30,65362,30,1,5251,1283,3810000,1.791e+09,1.034,1.033,1.041,,False,18:45
confirm_d54,71,pso_tuned,A-n32-k5,30,65362,30,1,4575,1155,4320000,1.791e+09,1.012,1.012,1.18,,False,18:45
confirm_d54,72,ga_ls,A-n32-k5,30,65362,30,1,3412,906.3,3460000,1.791e+09,0.9846,0.9845,0.9454,,False,18:45
confirm_d54,73,pso_tuned,A-n32-k5,30,65363,30,1,4408,1112,3565000,1.791e+09,0.9748,0.9746,0.974,,False,18:45
confirm_d54,74,ga_ls,A-n32-k5,30,65363,30,1,3532,938.3,4070000,1.791e+09,1.019,1.019,1.112,,False,18:45
confirm_d54,75,qn_tuned,A-n32-k5,30,65363,30,1,4806,1177,3445000,1.791e+09,0.9461,0.9478,0.9413,,False,18:45
confirm_d54,76,ga_ls,A-n32-k5,30,65364,30,1,3492,927.5,3615000,1.791e+09,1.008,1.007,0.9877,,False,18:45
confirm_d54,77,pso_tuned,A-n32-k5,30,65364,30,1,4573,1154,3665000,1.791e+09,1.011,1.011,1.001,,False,18:46
confirm_d54,78,ortools,A-n32-k5,30,65364,29.91,0.9968,,,3305000,1.791e+09,,,0.903,,False,18:46
confirm_d54,79,ortools,A-n32-k5,30,65365,29.91,0.9969,,,3770000,1.791e+09,,,1.03,,False,18:46
confirm_d54,80,qn_tuned,A-n32-k5,30,65364,30,1,4628,1132,3775000,1.791e+09,0.9111,0.9113,1.031,,False,18:46
confirm_d54,81,pso_tuned,A-n32-k5,30,65365,30,1,4522,1141,4125000,1.791e+09,0.9999,0.9999,1.127,,False,18:46
confirm_d54,82,ga_ls,A-n32-k5,30,65365,30,1,3477,923.8,3535000,1.791e+09,1.003,1.003,0.9658,,False,18:46
confirm_d54,83,ortools,A-n32-k5,30,65366,29.9,0.9968,,,4010000,1.791e+09,,,1.096,,False,18:46
confirm_d54,84,qn_tuned,A-n32-k5,30,65365,30,1,5064,1238,4070000,1.791e+09,0.9969,0.997,1.112,,False,18:46
confirm_d54,85,pso_tuned,A-n32-k5,30,65366,30,1,4827,1218,3895000,1.791e+09,1.067,1.067,1.064,,False,18:46
confirm_d54,86,qn_tuned,A-n32-k5,30,65366,30,1,5172,1265,4555000,1.791e+09,1.018,1.018,1.245,,False,18:46
confirm_d54,87,ga_ls,A-n32-k5,30,65366,30,1,3492,927.5,3740000,1.791e+09,1.008,1.007,1.022,,False,18:46
confirm_d54,88,ga_ls,A-n32-k5,30,65367,30,1,3566,947.4,3930000,1.791e+09,1.029,1.029,1.074,,False,18:46
confirm_d54,89,ortools,A-n32-k5,30,65367,29.9,0.9968,,,3640000,1.791e+09,,,0.9945,,False,18:46
confirm_d54,90,qn_tuned,A-n32-k5,30,65367,30,1,5193,1270,4275000,1.791e+09,1.022,1.023,1.168,,False,18:46
confirm_d54,91,pso_tuned,A-n32-k5,30,65367,30,1,4492,1134,3465000,1.791e+09,0.9933,0.9932,0.9467,,False,18:46
confirm_d54,92,ortools,A-n32-k5,30,65368,29.91,0.9969,,,3720000,1.791e+09,,,1.016,,False,18:46
confirm_d54,93,pso_tuned,A-n32-k5,30,65368,30,1,4523,1142,4100000,1.791e+09,1,1,1.12,,False,18:46
confirm_d54,94,qn_tuned,A-n32-k5,30,65368,30,1,5077,1242,3535000,1.791e+09,0.9995,0.9997,0.9658,,False,18:46
confirm_d54,95,ga_ls,A-n32-k5,30,65368,30,1,3335,886.1,4105000,1.791e+09,0.9624,0.9625,1.122,,False,18:46
confirm_d54,96,ortools,A-n32-k5,30,65369,29.91,0.9969,,,3675000,1.791e+09,,,1.004,,False,18:46
confirm_d54,97,ga_ls,A-n32-k5,30,65369,30,1,3469,921.4,3545000,1.791e+09,1.001,1.001,0.9686,,False,18:46
confirm_d54,98,qn_tuned,A-n32-k5,30,65369,30,1,4930,1204,3740000,1.791e+09,0.9705,0.9696,1.022,,False,18:46
confirm_d54,99,ortools,A-n32-k5,30,65370,29.9,0.9968,,,3360000,1.791e+09,,,0.918,,False,18:47
confirm_d54,100,pso_tuned,A-n32-k5,30,65369,30,1,4565,1152,3255000,1.791e+09,1.01,1.009,0.8893,,False,18:47
confirm_d54,101,pso_tuned,A-n32-k5,30,65370,30,1,4711,1189,3180000,1.791e+09,1.042,1.042,0.8689,,False,18:47
confirm_d54,102,qn_tuned,A-n32-k5,30,65370,30,1,5184,1269,3195000,1.791e+09,1.021,1.021,0.873,,False,18:47
confirm_d54,103,ortools,A-n32-k5,30,65371,29.91,0.9968,,,2920000,1.791e+09,,,0.7978,,False,18:47
confirm_d54,104,ga_ls,A-n32-k5,30,65370,30,1,3462,919.8,3580000,1.791e+09,0.999,0.9991,0.9781,,False,18:47
confirm_d54,105,pso_tuned,A-n32-k5,30,65371,30,1,4395,1109,3065000,1.791e+09,0.9719,0.9719,0.8374,,False,18:47
confirm_d54,106,ga_ls,A-n32-k5,30,65371,30,1,3447,915.4,3625000,1.791e+09,0.9946,0.9943,0.9904,,False,18:47
confirm_d54,107,qn_tuned,A-n32-k5,30,65371,30,1,4860,1186,3090000,1.791e+09,0.9568,0.955,0.8443,,False,18:47
confirm_d54,108,ga_ls,A-n32-k5,30,65372,30,1,3382,898.2,3140000,1.791e+09,0.9758,0.9757,0.8579,,False,18:47
confirm_d54,109,pso_tuned,A-n32-k5,30,65372,30,1,4621,1166,2835000,1.791e+09,1.022,1.022,0.7746,,False,18:47
confirm_d54,110,ortools,A-n32-k5,30,65372,29.91,0.9968,,,3660000,1.791e+09,,,1,,False,18:47
confirm_d54,111,qn_tuned,A-n32-k5,30,65372,30,1,5082,1242,4355000,1.791e+09,1,1,1.19,,False,18:47
confirm_d54,112,ortools,A-n32-k5,30,65373,29.91,0.9968,,,3845000,1.791e+09,,,1.051,,False,18:47
confirm_d54,113,qn_tuned,A-n32-k5,30,65373,30,1,4822,1177,3390000,1.791e+09,0.9493,0.9479,0.9262,,False,18:47
confirm_d54,114,ga_ls,A-n32-k5,30,65373,30,1,3287,873,3305000,1.791e+09,0.9484,0.9483,0.903,,False,18:47
confirm_d54,115,pso_tuned,A-n32-k5,30,65373,30,1,4253,1073,3610000,1.791e+09,0.9405,0.9403,0.9863,,False,18:47
confirm_d54,116,ortools,A-n32-k5,30,65374,29.91,0.9969,,,3340000,1.791e+09,,,0.9126,,False,18:47
confirm_d54,117,pso_tuned,A-n32-k5,30,65374,30,1,4224,1066,3260000,1.791e+09,0.9341,0.934,0.8907,,False,18:47
confirm_d54,118,ga_ls,A-n32-k5,30,65374,30,1,3167,841.2,3395000,1.791e+09,0.9138,0.9137,0.9276,,False,18:47
confirm_d54,119,qn_tuned,A-n32-k5,30,65374,30,1,5096,1247,3745000,1.791e+09,1.003,1.004,1.023,,False,18:47
confirm_d54,120,qn_tuned,A-n63-k9,30,67345,30,1,2441,595.5,3615000,1.791e+09,0.9728,0.973,0.9877,,False,18:47
confirm_d54,121,pso_tuned,A-n63-k9,30,67345,30,1,1897,478.5,4345000,1.791e+09,0.9707,0.9708,1.187,,False,18:48
confirm_d54,122,ortools,A-n63-k9,30,67345,29.9,0.9968,,,3405000,1.791e+09,,,0.9303,,False,18:48
confirm_d54,123,ortools,A-n63-k9,30,67346,29.9,0.9967,,,3370000,1.791e+09,,,0.9208,,False,18:48
confirm_d54,124,ga_ls,A-n63-k9,30,67345,30,1,2156,572.7,3555000,1.791e+09,0.9877,0.988,0.9713,,False,18:48
confirm_d54,125,ga_ls,A-n63-k9,30,67346,30,1,2190,581.7,3610000,1.791e+09,1.003,1.004,0.9863,,False,18:48
confirm_d54,126,pso_tuned,A-n63-k9,30,67346,30,1,1849,466.6,3965000,1.791e+09,0.9462,0.9466,1.083,,False,18:48
confirm_d54,127,qn_tuned,A-n63-k9,30,67346,30,1,2619,637.3,3560000,1.791e+09,1.044,1.041,0.9727,,False,18:48
confirm_d54,128,ga_ls,A-n63-k9,30,67347,30,1,2146,569.9,3660000,1.791e+09,0.983,0.9832,1,,False,18:48
confirm_d54,129,ortools,A-n63-k9,30,67347,29.9,0.9968,,,3530000,1.791e+09,,,0.9645,,False,18:48
confirm_d54,130,pso_tuned,A-n63-k9,30,67347,30,1,2052,517.6,4795000,1.791e+09,1.05,1.05,1.31,,False,18:48
confirm_d54,131,qn_tuned,A-n63-k9,30,67347,30,1,2509,613.1,3845000,1.791e+09,0.9997,1.002,1.051,,False,18:48
confirm_d54,132,ortools,A-n63-k9,30,67348,29.9,0.9967,,,3835000,1.791e+09,,,1.048,,False,18:48
confirm_d54,133,pso_tuned,A-n63-k9,30,67348,30,1,1867,471,3490000,1.791e+09,0.955,0.9555,0.9536,,False,18:48
confirm_d54,134,qn_tuned,A-n63-k9,30,67348,30,1,2349,574.7,3330000,1.791e+09,0.9361,0.9389,0.9098,,False,18:48
confirm_d54,135,ga_ls,A-n63-k9,30,67348,30,1,2169,576,3805000,1.791e+09,0.9935,0.9937,1.04,,False,18:48
confirm_d54,136,ga_ls,A-n63-k9,30,67349,30,1,2164,574.7,3590000,1.791e+09,0.9914,0.9914,0.9809,,False,18:48
confirm_d54,137,qn_tuned,A-n63-k9,30,67349,30,1,2574,628.2,3160000,1.791e+09,1.026,1.026,0.8634,,False,18:48
confirm_d54,138,pso_tuned,A-n63-k9,30,67349,30,1,1884,475.3,3425000,1.791e+09,0.9639,0.9643,0.9358,,False,18:48
confirm_d54,139,ortools,A-n63-k9,30,67349,29.9,0.9968,,,4360000,1.791e+09,,,1.191,,False,18:48
confirm_d54,140,pso_tuned,A-n63-k9,30,67350,30,1,1980,499.5,4160000,1.791e+09,1.013,1.013,1.137,,False,18:48
confirm_d54,141,qn_tuned,A-n63-k9,30,67350,30,1,2404,586.5,3385000,1.791e+09,0.9579,0.9582,0.9249,,False,18:48
confirm_d54,142,ga_ls,A-n63-k9,30,67350,30,1,2151,571.3,4190000,1.791e+09,0.9855,0.9856,1.145,,False,18:48
confirm_d54,143,ortools,A-n63-k9,30,67350,29.9,0.9968,,,4185000,1.791e+09,,,1.143,,False,18:49
confirm_d54,144,ga_ls,A-n63-k9,30,67351,30,1,2200,584.1,3870000,1.791e+09,1.008,1.008,1.057,,False,18:49
confirm_d54,145,ortools,A-n63-k9,30,67351,29.9,0.9968,,,3905000,1.791e+09,,,1.067,,False,18:49
confirm_d54,146,qn_tuned,A-n63-k9,30,67351,30,1,2416,589.5,3200000,1.791e+09,0.9628,0.9632,0.8743,,False,18:49
confirm_d54,147,ortools,A-n63-k9,30,67352,29.9,0.9968,,,3535000,1.791e+09,,,0.9658,,False,18:49
confirm_d54,148,pso_tuned,A-n63-k9,30,67351,30,1,1933,487.6,3530000,1.791e+09,0.9891,0.9892,0.9645,,False,18:49
confirm_d54,149,pso_tuned,A-n63-k9,30,67352,30,1,1863,470,3355000,1.791e+09,0.953,0.9535,0.9167,,False,18:49
confirm_d54,150,ga_ls,A-n63-k9,30,67352,30,1,2170,576.4,3200000,1.791e+09,0.9943,0.9944,0.8743,,False,18:49
confirm_d54,151,qn_tuned,A-n63-k9,30,67352,30,1,2489,608.2,3520000,1.791e+09,0.992,0.9936,0.9617,,False,18:49
confirm_d54,152,qn_tuned,A-n63-k9,30,67353,30,1,2468,603.3,3985000,1.791e+09,0.9836,0.9857,1.089,,False,18:49
confirm_d54,153,pso_tuned,A-n63-k9,30,67353,30,1,1949,491.9,3640000,1.791e+09,0.9973,0.9979,0.9945,,False,18:49
confirm_d54,154,ga_ls,A-n63-k9,30,67353,30,1,2242,595.2,3875000,1.791e+09,1.027,1.027,1.059,,False,18:49
confirm_d54,155,ortools,A-n63-k9,30,67353,29.9,0.9967,,,3715000,1.791e+09,,,1.015,,False,18:49
confirm_d54,156,ortools,A-n63-k9,30,67354,29.9,0.9967,,,3575000,1.791e+09,,,0.9768,,False,18:49
confirm_d54,157,pso_tuned,A-n63-k9,30,67354,30,1,2025,510.8,4030000,1.791e+09,1.036,1.036,1.101,,False,18:49
confirm_d54,158,ortools,A-n63-k9,30,67355,29.9,0.9968,,,3775000,1.791e+09,,,1.031,,False,18:49
confirm_d54,159,ga_ls,A-n63-k9,30,67354,30,1,2235,593.5,3615000,1.791e+09,1.024,1.024,0.9877,,False,18:49
confirm_d54,160,qn_tuned,A-n63-k9,30,67354,30,1,2946,719.4,3845000,1.791e+09,1.174,1.175,1.051,,False,18:49
confirm_d54,161,qn_tuned,A-n63-k9,30,67355,30,1,2387,582.6,3315000,1.791e+09,0.9512,0.9519,0.9057,,False,18:49
confirm_d54,162,ga_ls,A-n63-k9,30,67355,30,1,2197,583.4,4360000,1.791e+09,1.007,1.007,1.191,,False,18:49
confirm_d54,163,pso_tuned,A-n63-k9,30,67355,30,1,1962,494.9,3645000,1.791e+09,1.004,1.004,0.9959,,False,18:49
confirm_d54,164,ga_ls,A-n63-k9,30,67356,30,1,2210,587.1,4055000,1.791e+09,1.013,1.013,1.108,,False,18:49
confirm_d54,165,qn_tuned,A-n63-k9,30,67356,30,1,2694,657.5,3365000,1.791e+09,1.073,1.074,0.9194,,False,18:50
confirm_d54,166,ortools,A-n63-k9,30,67356,29.9,0.9968,,,3450000,1.791e+09,,,0.9426,,False,18:50
confirm_d54,167,pso_tuned,A-n63-k9,30,67356,30,1,1948,491.5,3995000,1.791e+09,0.9967,0.9971,1.092,,False,18:50
confirm_d54,168,ortools,A-n63-k9,30,67357,29.9,0.9967,,,3575000,1.791e+09,,,0.9768,,False,18:50
confirm_d54,169,ga_ls,A-n63-k9,30,67357,30,1,2178,578.4,3845000,1.791e+09,0.9978,0.9978,1.051,,False,18:50
confirm_d54,170,qn_tuned,A-n63-k9,30,67357,30,1,2694,656.4,4275000,1.791e+09,1.074,1.073,1.168,,False,18:50
confirm_d54,171,pso_tuned,A-n63-k9,30,67357,30,1,2071,522.2,4300000,1.791e+09,1.059,1.059,1.175,,False,18:50
confirm_d54,172,ga_ls,A-n63-k9,30,67358,30,1,2101,557.8,3645000,1.791e+09,0.9625,0.9624,0.9959,,False,18:50
confirm_d54,173,ortools,A-n63-k9,30,67358,29.9,0.9968,,,3855000,1.791e+09,,,1.053,,False,18:50
confirm_d54,174,pso_tuned,A-n63-k9,30,67358,30,1,2061,519.8,3870000,1.791e+09,1.054,1.055,1.057,,False,18:50
confirm_d54,175,qn_tuned,A-n63-k9,30,67358,30,1,2542,619.8,4030000,1.791e+09,1.013,1.013,1.101,,False,18:50
confirm_d54,176,pso_tuned,A-n63-k9,30,67359,30,1,2017,508.9,4505000,1.791e+09,1.032,1.032,1.231,,False,18:50
confirm_d54,177,ga_ls,A-n63-k9,30,67359,30,1,2213,587.8,3465000,1.791e+09,1.014,1.014,0.9467,,False,18:50
confirm_d54,178,ortools,A-n63-k9,30,67359,29.9,0.9967,,,4335000,1.791e+09,,,1.184,,False,18:50
confirm_d54,179,ortools,A-n63-k9,30,67360,29.9,0.9968,,,3830000,1.791e+09,,,1.046,,False,18:50
confirm_d54,180,qn_tuned,A-n63-k9,30,67359,30,1,2746,670.6,3425000,1.791e+09,1.094,1.096,0.9358,,False,18:50
confirm_d54,181,ga_ls,A-n63-k9,30,67360,30,1,2193,582.4,3810000,1.791e+09,1.005,1.005,1.041,,False,18:50
confirm_d54,182,qn_tuned,A-n63-k9,30,67360,30,1,2350,573.7,3420000,1.791e+09,0.9365,0.9373,0.9344,,False,18:50
confirm_d54,183,pso_tuned,A-n63-k9,30,67360,30,1,2079,524.5,3515000,1.791e+09,1.064,1.064,0.9604,,False,18:50
confirm_d54,184,ga_ls,A-n63-k9,30,67361,30,1,2243,595.9,3905000,1.791e+09,1.028,1.028,1.067,,False,18:50
confirm_d54,185,qn_tuned,A-n63-k9,30,67361,30,1,2773,675.2,3385000,1.791e+09,1.105,1.103,0.9249,,False,18:50
confirm_d54,186,pso_tuned,A-n63-k9,30,67361,30,1,2007,506.3,4205000,1.791e+09,1.027,1.027,1.149,,False,18:50
confirm_d54,187,ortools,A-n63-k9,30,67361,29.9,0.9967,,,3875000,1.791e+09,,,1.059,,False,18:51
confirm_d54,188,qn_tuned,A-n63-k9,30,67362,30,1,2324,566.3,4025000,1.791e+09,0.926,0.9252,1.1,,False,18:51
confirm_d54,189,ortools,A-n63-k9,30,67362,29.9,0.9967,,,3440000,1.791e+09,,,0.9399,,False,18:51
confirm_d54,190,ga_ls,A-n63-k9,30,67362,30,1,2204,585.4,3580000,1.791e+09,1.01,1.01,0.9781,,False,18:51
confirm_d54,191,pso_tuned,A-n63-k9,30,67362,30,1,1916,483.2,3545000,1.791e+09,0.9803,0.9802,0.9686,,False,18:51
confirm_d54,192,ortools,A-n63-k9,30,67363,29.9,0.9968,,,3960000,1.791e+09,,,1.082,,False,18:51
confirm_d54,193,qn_tuned,A-n63-k9,30,67363,30,1,2552,623.5,3935000,1.791e+09,1.017,1.019,1.075,,False,18:51
confirm_d54,194,ga_ls,A-n63-k9,30,67363,30,1,2167,575.4,3465000,1.791e+09,0.9929,0.9927,0.9467,,False,18:51
confirm_d54,195,pso_tuned,A-n63-k9,30,67363,30,1,1922,484.8,3760000,1.791e+09,0.9833,0.9835,1.027,,False,18:51
confirm_d54,196,ortools,A-n63-k9,30,67364,29.9,0.9968,,,3960000,1.791e+09,,,1.082,,False,18:51
confirm_d54,197,pso_tuned,A-n63-k9,30,67364,30,1,2052,517.6,3695000,1.791e+09,1.05,1.05,1.01,,False,18:51
confirm_d54,198,qn_tuned,A-n63-k9,30,67364,30,1,2681,655.7,3620000,1.791e+09,1.068,1.071,0.9891,,False,18:51
confirm_d54,199,ga_ls,A-n63-k9,30,67364,30,1,2159,573.3,3830000,1.791e+09,0.9893,0.9891,1.046,,False,18:51
confirm_d54,200,ortools,A-n63-k9,30,67365,29.9,0.9967,,,3685000,1.791e+09,,,1.007,,False,18:51
confirm_d54,201,pso_tuned,A-n63-k9,30,67365,30,1,2025,510.7,3745000,1.791e+09,1.036,1.036,1.023,,False,18:51
confirm_d54,202,qn_tuned,A-n63-k9,30,67365,30,1,2815,687.5,3990000,1.791e+09,1.122,1.123,1.09,,False,18:51
confirm_d54,203,ga_ls,A-n63-k9,30,67365,30,1,2245,596.2,3895000,1.791e+09,1.028,1.029,1.064,,False,18:51
confirm_d54,204,qn_tuned,A-n63-k9,30,67366,30,1,2441,596.6,3935000,1.791e+09,0.9729,0.9747,1.075,,False,18:51
confirm_d54,205,ortools,A-n63-k9,30,67366,29.9,0.9967,,,3950000,1.791e+09,,,1.079,,False,18:51
confirm_d54,206,ga_ls,A-n63-k9,30,67366,30,1,2208,586.1,4095000,1.791e+09,1.011,1.011,1.119,,False,18:51
confirm_d54,207,ortools,A-n63-k9,30,67367,29.9,0.9967,,,3675000,1.791e+09,,,1.004,,False,18:51
confirm_d54,208,pso_tuned,A-n63-k9,30,67366,30,1,1959,494,3670000,1.791e+09,1.002,1.002,1.003,,False,18:51
confirm_d54,209,pso_tuned,A-n63-k9,30,67367,30,1,1822,459.6,3405000,1.791e+09,0.9322,0.9323,0.9303,,False,18:52
confirm_d54,210,ortools,A-n63-k9,30,67368,29.9,0.9967,,,3795000,1.791e+09,,,1.037,,False,18:52
confirm_d54,211,ga_ls,A-n63-k9,30,67367,30,1,2141,568.3,3735000,1.791e+09,0.9807,0.9804,1.02,,False,18:52
confirm_d54,212,qn_tuned,A-n63-k9,30,67367,30,1,2641,644.3,3695000,1.791e+09,1.052,1.053,1.01,,False,18:52
confirm_d54,213,ga_ls,A-n63-k9,30,67368,30,1,2148,570.6,3750000,1.791e+09,0.9842,0.9845,1.025,,False,18:52
confirm_d54,214,qn_tuned,A-n63-k9,30,67368,30,1,2510,611,3745000,1.791e+09,1,0.9983,1.023,,False,18:52
confirm_d54,215,ortools,A-n63-k9,30,67369,29.9,0.9968,,,3655000,1.791e+09,,,0.9986,,False,18:52
confirm_d54,216,pso_tuned,A-n63-k9,30,67368,30,1,1901,479.7,3990000,1.791e+09,0.9728,0.9733,1.09,,False,18:52
confirm_d54,217,qn_tuned,A-n63-k9,30,67369,30,1,2467,602.6,3665000,1.791e+09,0.9831,0.9846,1.001,,False,18:52
confirm_d54,218,ga_ls,A-n63-k9,30,67369,30,1,2191,581.7,3560000,1.791e+09,1.004,1.004,0.9727,,False,18:52
confirm_d54,219,pso_tuned,A-n63-k9,30,67369,30,1,1950,491.9,3690000,1.791e+09,0.9979,0.9979,1.008,,False,18:52
confirm_d54,220,ortools,A-n63-k9,30,67370,29.9,0.9968,,,3320000,1.791e+09,,,0.9071,,False,18:52
confirm_d54,221,pso_tuned,A-n63-k9,30,67370,30,1,1976,498.5,4125000,1.791e+09,1.011,1.011,1.127,,False,18:52
confirm_d54,222,ga_ls,A-n63-k9,30,67370,30,1,2162,574,4140000,1.791e+09,0.9904,0.9903,1.131,,False,18:52
confirm_d54,223,qn_tuned,A-n63-k9,30,67370,30,1,2023,494.7,3460000,1.791e+09,0.8062,0.8083,0.9454,,False,18:52
confirm_d54,224,pso_tuned,A-n63-k9,30,67371,30,1,1813,457.2,3885000,1.791e+09,0.9277,0.9275,1.061,,False,18:52
confirm_d54,225,ga_ls,A-n63-k9,30,67371,30,1,2260,600.3,3585000,1.791e+09,1.035,1.036,0.9795,,False,18:52
confirm_d54,226,ortools,A-n63-k9,30,67371,29.9,0.9968,,,3890000,1.791e+09,,,1.063,,False,18:52
confirm_d54,227,qn_tuned,A-n63-k9,30,67371,30,1,2803,684.1,3830000,1.791e+09,1.117,1.118,1.046,,False,18:52
confirm_d54,228,pso_tuned,A-n63-k9,30,67372,30,1,1937,488.5,3275000,1.791e+09,0.9908,0.9911,0.8948,,False,18:52
confirm_d54,229,qn_tuned,A-n63-k9,30,67372,30,1,2281,557.2,3800000,1.791e+09,0.909,0.9104,1.038,,False,18:52
confirm_d54,230,ga_ls,A-n63-k9,30,67372,30,1,2188,580.9,4110000,1.791e+09,1.002,1.002,1.123,,False,18:52
confirm_d54,231,ortools,A-n63-k9,30,67372,29.9,0.9967,,,3560000,1.791e+09,,,0.9727,,False,18:53
confirm_d54,232,ortools,A-n63-k9,30,67373,29.9,0.9968,,,4060000,1.791e+09,,,1.109,,False,18:53
confirm_d54,233,qn_tuned,A-n63-k9,30,67373,30,1,2567,626.9,3630000,1.791e+09,1.023,1.024,0.9918,,False,18:53
confirm_d54,234,pso_tuned,A-n63-k9,30,67373,30,1,2027,511.3,4090000,1.791e+09,1.037,1.037,1.117,,False,18:53
confirm_d54,235,ortools,A-n63-k9,30,67374,29.9,0.9968,,,4145000,1.791e+09,,,1.133,,False,18:53
confirm_d54,236,ga_ls,A-n63-k9,30,67373,30,1,2138,567.9,4090000,1.791e+09,0.9796,0.9798,1.117,,False,18:53
confirm_d54,237,qn_tuned,A-n63-k9,30,67374,30,1,2350,573.7,3300000,1.791e+09,0.9366,0.9373,0.9016,,False,18:53
confirm_d54,238,pso_tuned,A-n63-k9,30,67374,30,1,1978,498.9,3625000,1.791e+09,1.012,1.012,0.9904,,False,18:53
confirm_d54,239,ga_ls,A-n63-k9,30,67374,30,1,2163,574.5,3345000,1.791e+09,0.9912,0.9912,0.9139,,False,18:53
confirm_d54,240,pso_tuned,A-n80-k10,30,68345,30,1,1376,347,3245000,1.791e+09,1.088,1.088,0.8866,,False,18:53
confirm_d54,241,ga_ls,A-n80-k10,30,68345,30,1,1652,438.7,3460000,1.791e+09,1.01,1.01,0.9454,,False,18:53
confirm_d54,242,qn_tuned,A-n80-k10,30,68345,30,1,1761,432.5,3945000,1.791e+09,1.081,1.08,1.078,,False,18:53
confirm_d54,243,ortools,A-n80-k10,30,68345,29.9,0.9968,,,3575000,1.791e+09,,,0.9768,,False,18:53
confirm_d54,244,ortools,A-n80-k10,30,68346,29.9,0.9967,,,3700000,1.791e+09,,,1.011,,False,18:53
confirm_d54,245,pso_tuned,A-n80-k10,30,68346,30,1,1272,320.7,3670000,1.791e+09,1.006,1.006,1.003,,False,18:53
confirm_d54,246,qn_tuned,A-n80-k10,30,68346,30,1,1558,382.1,3590000,1.791e+09,0.9563,0.9542,0.9809,,False,18:53
confirm_d54,247,ga_ls,A-n80-k10,30,68346,30,1,1642,436,3820000,1.791e+09,1.004,1.004,1.044,,False,18:53
confirm_d54,248,ortools,A-n80-k10,30,68347,29.9,0.9968,,,3415000,1.791e+09,,,0.9331,,False,18:53
confirm_d54,249,qn_tuned,A-n80-k10,30,68347,30,1,1675,412.4,3815000,1.791e+09,1.028,1.03,1.042,,False,18:53
confirm_d54,250,ga_ls,A-n80-k10,30,68347,30,1,1605,425.9,3440000,1.791e+09,0.9812,0.9806,0.9399,,False,18:53
confirm_d54,251,pso_tuned,A-n80-k10,30,68347,30,1,1245,313.8,3665000,1.791e+09,0.9845,0.9843,1.001,,False,18:53
confirm_d54,252,qn_tuned,A-n80-k10,30,68348,30,1,1675,412.1,3315000,1.791e+09,1.028,1.029,0.9057,,False,18:53
confirm_d54,253,ortools,A-n80-k10,30,68348,29.9,0.9967,,,3670000,1.791e+09,,,1.003,,False,18:54
confirm_d54,254,pso_tuned,A-n80-k10,30,68348,30,1,1386,349.5,3310000,1.791e+09,1.096,1.096,0.9044,,False,18:54
confirm_d54,255,ga_ls,A-n80-k10,30,68348,30,1,1681,446.4,4465000,1.791e+09,1.028,1.028,1.22,,False,18:54
confirm_d54,256,pso_tuned,A-n80-k10,30,68349,30,1,1229,309.9,4715000,1.791e+09,0.9725,0.972,1.288,,False,18:54
confirm_d54,257,ortools,A-n80-k10,30,68349,29.9,0.9968,,,3610000,1.791e+09,,,0.9863,,False,18:54
confirm_d54,258,qn_tuned,A-n80-k10,30,68349,30,1,1685,413.4,3890000,1.791e+09,1.034,1.032,1.063,,False,18:54
confirm_d54,259,ga_ls,A-n80-k10,30,68349,30,1,1630,432.9,3895000,1.791e+09,0.9967,0.9968,1.064,,False,18:54
confirm_d54,260,qn_tuned,A-n80-k10,30,68350,30,1,1604,394.4,4285000,1.791e+09,0.9841,0.9849,1.171,,False,18:54
confirm_d54,261,pso_tuned,A-n80-k10,30,68350,30,1,1307,329.3,3540000,1.791e+09,1.034,1.033,0.9672,,False,18:54
confirm_d54,262,ortools,A-n80-k10,30,68350,29.9,0.9967,,,3660000,1.791e+09,,,1,,False,18:54
confirm_d54,263,ga_ls,A-n80-k10,30,68350,30,1,1622,430.6,4550000,1.791e+09,0.9916,0.9914,1.243,,False,18:54
confirm_d54,264,ortools,A-n80-k10,30,68351,29.9,0.9967,,,3790000,1.791e+09,,,1.036,,False,18:54
confirm_d54,265,pso_tuned,A-n80-k10,30,68351,30,1,1199,302.3,4540000,1.791e+09,0.9487,0.9484,1.24,,False,18:54
confirm_d54,266,ga_ls,A-n80-k10,30,68351,30,1,1674,444.4,3470000,1.791e+09,1.024,1.023,0.9481,,False,18:54
confirm_d54,267,qn_tuned,A-n80-k10,30,68351,30,1,1307,321.5,3650000,1.791e+09,0.8022,0.8029,0.9973,,False,18:54
confirm_d54,268,qn_tuned,A-n80-k10,30,68352,30,1,1826,448.2,4130000,1.791e+09,1.12,1.119,1.128,,False,18:54
confirm_d54,269,ortools,A-n80-k10,30,68352,29.9,0.9967,,,3145000,1.791e+09,,,0.8593,,False,18:54
confirm_d54,270,pso_tuned,A-n80-k10,30,68352,30,1,1216,306.7,4140000,1.791e+09,0.9623,0.9622,1.131,,False,18:54
confirm_d54,271,ga_ls,A-n80-k10,30,68352,30,1,1640,435.3,4050000,1.791e+09,1.003,1.002,1.107,,False,18:54
confirm_d54,272,ortools,A-n80-k10,30,68353,29.9,0.9967,,,3685000,1.791e+09,,,1.007,,False,18:54
confirm_d54,273,pso_tuned,A-n80-k10,30,68353,30,1,1220,307.7,4050000,1.791e+09,0.9652,0.9653,1.107,,False,18:54
confirm_d54,274,ga_ls,A-n80-k10,30,68353,30,1,1638,435,3155000,1.791e+09,1.001,1.002,0.862,,False,18:54
confirm_d54,275,qn_tuned,A-n80-k10,30,68353,30,1,1619,397.8,3740000,1.791e+09,0.9937,0.9933,1.022,,False,18:55
confirm_d54,276,pso_tuned,A-n80-k10,30,68354,30,1,1195,301.1,3615000,1.791e+09,0.9451,0.9445,0.9877,,False,18:55
confirm_d54,277,ortools,A-n80-k10,30,68354,29.9,0.9968,,,4175000,1.791e+09,,,1.141,,False,18:55
confirm_d54,278,ga_ls,A-n80-k10,30,68354,30,1,1592,422.5,4090000,1.791e+09,0.9732,0.9729,1.117,,False,18:55
confirm_d54,279,qn_tuned,A-n80-k10,30,68354,30,1,1683,414.1,3865000,1.791e+09,1.033,1.034,1.056,,False,18:55
confirm_d54,280,ortools,A-n80-k10,30,68355,29.9,0.9967,,,3445000,1.791e+09,,,0.9413,,False,18:55
confirm_d54,281,qn_tuned,A-n80-k10,30,68355,30,1,1672,411.5,3570000,1.791e+09,1.026,1.028,0.9754,,False,18:55
confirm_d54,282,ga_ls,A-n80-k10,30,68355,30,1,1583,420.1,3430000,1.791e+09,0.9676,0.9674,0.9372,,False,18:55
confirm_d54,283,ortools,A-n80-k10,30,68356,29.9,0.9968,,,3825000,1.791e+09,,,1.045,,False,18:55
confirm_d54,284,pso_tuned,A-n80-k10,30,68355,30,1,1256,316.8,3725000,1.791e+09,0.9938,0.9938,1.018,,False,18:55
confirm_d54,285,pso_tuned,A-n80-k10,30,68356,30,1,1388,350.1,3360000,1.791e+09,1.098,1.098,0.918,,False,18:55
confirm_d54,286,ga_ls,A-n80-k10,30,68356,30,1,1662,441.4,3640000,1.791e+09,1.016,1.016,0.9945,,False,18:55
confirm_d54,287,qn_tuned,A-n80-k10,30,68356,30,1,1460,358.2,3790000,1.791e+09,0.8957,0.8945,1.036,,False,18:55
confirm_d54,288,ortools,A-n80-k10,30,68357,29.9,0.9967,,,3780000,1.791e+09,,,1.033,,False,18:55
confirm_d54,289,qn_tuned,A-n80-k10,30,68357,30,1,1651,405,3795000,1.791e+09,1.013,1.011,1.037,,False,18:55
confirm_d54,290,pso_tuned,A-n80-k10,30,68357,30,1,1321,333,3605000,1.791e+09,1.045,1.045,0.985,,False,18:55
confirm_d54,291,ortools,A-n80-k10,30,68358,29.9,0.9967,,,3580000,1.791e+09,,,0.9781,,False,18:55
confirm_d54,292,ga_ls,A-n80-k10,30,68357,30,1,1681,446.4,3735000,1.791e+09,1.028,1.028,1.02,,False,18:55
confirm_d54,293,ga_ls,A-n80-k10,30,68358,30,1,1663,441.7,3460000,1.791e+09,1.017,1.017,0.9454,,False,18:55
confirm_d54,294,qn_tuned,A-n80-k10,30,68358,30,1,1822,448.1,3395000,1.791e+09,1.118,1.119,0.9276,,False,18:55
confirm_d54,295,pso_tuned,A-n80-k10,30,68358,30,1,1364,344,3380000,1.791e+09,1.079,1.079,0.9235,,False,18:55
confirm_d54,296,ga_ls,A-n80-k10,30,68359,30,1,1667,442.7,3560000,1.791e+09,1.019,1.019,0.9727,,False,18:55
confirm_d54,297,pso_tuned,A-n80-k10,30,68359,30,1,1316,331.7,3900000,1.791e+09,1.041,1.04,1.066,,False,18:56
confirm_d54,298,ortools,A-n80-k10,30,68359,29.9,0.9968,,,3855000,1.791e+09,,,1.053,,False,18:56
confirm_d54,299,qn_tuned,A-n80-k10,30,68359,30,1,1778,436.6,4040000,1.791e+09,1.091,1.09,1.104,,False,18:56
confirm_d54,300,qn_tuned,A-n80-k10,30,68360,30.01,1,1494,368.1,3610000,1.791e+09,0.9171,0.9191,0.9863,,False,18:56
confirm_d54,301,ga_ls,A-n80-k10,30,68360,30,1,1629,432.5,3500000,1.791e+09,0.996,0.9958,0.9563,,False,18:56
confirm_d54,302,ortools,A-n80-k10,30,68360,29.9,0.9968,,,3945000,1.791e+09,,,1.078,,False,18:56
confirm_d54,303,pso_tuned,A-n80-k10,30,68360,30,1,1245,313.9,3745000,1.791e+09,0.9851,0.9847,1.023,,False,18:56
confirm_d54,304,pso_tuned,A-n80-k10,30,68361,30,1,1325,334,3960000,1.791e+09,1.048,1.048,1.082,,False,18:56
confirm_d54,305,qn_tuned,A-n80-k10,30,68361,30,1,1754,429.2,3615000,1.791e+09,1.076,1.072,0.9877,,False,18:56
confirm_d54,306,ortools,A-n80-k10,30,68361,29.9,0.9967,,,3615000,1.791e+09,,,0.9877,,False,18:56
confirm_d54,307,ga_ls,A-n80-k10,30,68361,30,1,1616,428.9,3775000,1.791e+09,0.988,0.9876,1.031,,False,18:56
confirm_d54,308,qn_tuned,A-n80-k10,30,68362,30,1,1772,436.2,3585000,1.791e+09,1.087,1.089,0.9795,,False,18:56
confirm_d54,309,ortools,A-n80-k10,30,68362,29.9,0.9968,,,2835000,1.791e+09,,,0.7746,,False,18:56
confirm_d54,310,pso_tuned,A-n80-k10,30,68362,30,1,1181,297.7,2605000,1.791e+09,0.9345,0.9337,0.7117,calib 0.71x,True,18:56
confirm_d54,311,ga_ls,A-n80-k10,30,68362,30,1,1652,438.7,2420000,1.791e+09,1.01,1.01,0.6612,calib 0.66x,True,18:56
confirm_d54,312,ortools,A-n80-k10,30,68363,29.9,0.9967,,,2700000,1.791e+09,,,0.7377,calib 0.74x,True,18:56
confirm_d54,313,pso_tuned,A-n80-k10,30,68363,30,1,1197,301.7,2675000,1.791e+09,0.9472,0.9464,0.7309,calib 0.73x,True,18:56
confirm_d54,314,ga_ls,A-n80-k10,30,68363,30,1,1615,428.9,2820000,1.791e+09,0.9874,0.9875,0.7705,,False,18:56
confirm_d54,315,qn_tuned,A-n80-k10,30,68363,30,1,1640,402.3,3145000,1.791e+09,1.006,1.005,0.8593,,False,18:56
confirm_d54,316,ortools,A-n80-k10,30,68364,29.9,0.9967,,,3420000,1.791e+09,,,0.9344,,False,18:56
confirm_d54,317,pso_tuned,A-n80-k10,30,68364,30,1,1212,305.7,3495000,1.791e+09,0.9588,0.9589,0.9549,,False,18:56
confirm_d54,318,qn_tuned,A-n80-k10,30,68364,30,1,1620,398.6,3270000,1.791e+09,0.9938,0.9954,0.8934,,False,18:56
confirm_d54,319,ga_ls,A-n80-k10,30,68364,30,1,1616,428.9,3450000,1.791e+09,0.9878,0.9876,0.9426,,False,18:57
confirm_d54,320,ga_ls,A-n80-k10,30,68365,30,1,1654,439.3,3875000,1.791e+09,1.012,1.012,1.059,,False,18:57
confirm_d54,321,pso_tuned,A-n80-k10,30,68365,30,1,1213,305.8,3700000,1.791e+09,0.9598,0.9593,1.011,,False,18:57
confirm_d54,322,ortools,A-n80-k10,30,68365,29.9,0.9968,,,4000000,1.791e+09,,,1.093,,False,18:57
confirm_d54,323,qn_tuned,A-n80-k10,30,68365,30,1,1746,428.9,3490000,1.791e+09,1.071,1.071,0.9536,,False,18:57
confirm_d54,324,qn_tuned,A-n80-k10,30,68366,30,1,1371,336.7,4445000,1.791e+09,0.8415,0.8407,1.214,,False,18:57
confirm_d54,325,ortools,A-n80-k10,30,68366,29.9,0.9967,,,3490000,1.791e+09,,,0.9536,,False,18:57
confirm_d54,326,pso_tuned,A-n80-k10,30,68366,30,1,1244,313.8,3455000,1.791e+09,0.9842,0.9843,0.944,,False,18:57
confirm_d54,327,ortools,A-n80-k10,30,68367,29.9,0.9968,,,4065000,1.791e+09,,,1.111,,False,18:57
confirm_d54,328,ga_ls,A-n80-k10,30,68366,30,1,1651,438.4,4210000,1.791e+09,1.009,1.009,1.15,,False,18:57
confirm_d54,329,qn_tuned,A-n80-k10,30,68367,30,1,1698,417.7,3445000,1.791e+09,1.042,1.043,0.9413,,False,18:57
confirm_d54,330,ga_ls,A-n80-k10,30,68367,30,1,1697,450.4,3470000,1.791e+09,1.037,1.037,0.9481,,False,18:57
confirm_d54,331,pso_tuned,A-n80-k10,30,68367,30,1,1281,322.9,3505000,1.791e+09,1.013,1.013,0.9577,,False,18:57
confirm_d54,332,ortools,A-n80-k10,30,68368,29.9,0.9967,,,3960000,1.791e+09,,,1.082,,False,18:57
confirm_d54,333,ga_ls,A-n80-k10,30,68368,30,1,1671,443.7,3740000,1.791e+09,1.022,1.022,1.022,,False,18:57
confirm_d54,334,pso_tuned,A-n80-k10,30,68368,30,1,1379,347.7,3630000,1.791e+09,1.091,1.091,0.9918,,False,18:57
confirm_d54,335,qn_tuned,A-n80-k10,30,68368,30,1,1515,372.4,3835000,1.791e+09,0.9294,0.9298,1.048,,False,18:57
confirm_d54,336,qn_tuned,A-n80-k10,30,68369,30,1,1462,358.2,3755000,1.791e+09,0.8975,0.8945,1.026,,False,18:57
confirm_d54,337,pso_tuned,A-n80-k10,30,68369,30,1,1243,313.5,3325000,1.791e+09,0.9837,0.9833,0.9085,,False,18:57
confirm_d54,338,ortools,A-n80-k10,30,68369,29.9,0.9968,,,4110000,1.791e+09,,,1.123,,False,18:57
confirm_d54,339,ga_ls,A-n80-k10,30,68369,30,1,1619,429.6,3545000,1.791e+09,0.9897,0.9891,0.9686,,False,18:57
confirm_d54,340,ortools,A-n80-k10,30,68370,29.9,0.9968,,,3730000,1.791e+09,,,1.019,,False,18:57
confirm_d54,341,pso_tuned,A-n80-k10,30,68370,30,1,1355,341.7,4615000,1.791e+09,1.072,1.072,1.261,,False,18:58
confirm_d54,342,qn_tuned,A-n80-k10,30,68370,30,1,1469,360.9,3820000,1.791e+09,0.9012,0.9012,1.044,,False,18:58
confirm_d54,343,ga_ls,A-n80-k10,30,68370,30,1,1585,420.8,3700000,1.791e+09,0.969,0.9689,1.011,,False,18:58
confirm_d54,344,ga_ls,A-n80-k10,30,68371,30,1,1555,412.7,3455000,1.791e+09,0.9506,0.9504,0.944,,False,18:58
confirm_d54,345,pso_tuned,A-n80-k10,30,68371,30,1,1340,338,4065000,1.791e+09,1.06,1.06,1.111,,False,18:58
confirm_d54,346,ortools,A-n80-k10,30,68371,29.9,0.9967,,,3900000,1.791e+09,,,1.066,,False,18:58
confirm_d54,347,qn_tuned,A-n80-k10,30,68371,30,1,1385,340.7,3485000,1.791e+09,0.8499,0.8508,0.9522,,False,18:58
confirm_d54,348,pso_tuned,A-n80-k10,30,68372,30,1,1159,292.2,3845000,1.791e+09,0.9168,0.9167,1.051,,False,18:58
confirm_d54,349,qn_tuned,A-n80-k10,30,68372,30,1,1549,379.2,3705000,1.791e+09,0.9508,0.9469,1.012,,False,18:58
confirm_d54,350,ortools,A-n80-k10,30,68372,29.9,0.9968,,,3270000,1.791e+09,,,0.8934,,False,18:58
confirm_d54,351,ga_ls,A-n80-k10,30,68372,30,1,1618,429.6,3230000,1.791e+09,0.9896,0.9892,0.8825,,False,18:58
confirm_d54,352,qn_tuned,A-n80-k10,30,68373,30,1,1530,376.4,4050000,1.791e+09,0.9386,0.9399,1.107,,False,18:58
confirm_d54,353,ortools,A-n80-k10,30,68373,29.9,0.9968,,,3900000,1.791e+09,,,1.066,,False,18:58
confirm_d54,354,ga_ls,A-n80-k10,30,68373,30,1,1620,430.2,3695000,1.791e+09,0.9906,0.9907,1.01,,False,18:58
confirm_d54,355,pso_tuned,A-n80-k10,30,68373,30,1,1279,322.4,3775000,1.791e+09,1.011,1.011,1.031,,False,18:58
confirm_d54,356,qn_tuned,A-n80-k10,30,68374,30,1,1565,385.6,3500000,1.791e+09,0.9603,0.9628,0.9563,,False,18:58
confirm_d54,357,pso_tuned,A-n80-k10,30,68374,30,1,1351,340.7,4240000,1.791e+09,1.068,1.069,1.158,,False,18:58
confirm_d54,358,ortools,A-n80-k10,30,68374,29.9,0.9967,,,4090000,1.791e+09,,,1.117,,False,18:58
confirm_d54,359,ga_ls,A-n80-k10,30,68374,30,1,1633,433.6,4815000,1.791e+09,0.9986,0.9984,1.316,,False,18:58
confirm_d54,360,ortools,CMT1,30,69345,29.9,0.9968,,,3560000,1.791e+09,,,0.9727,,False,18:58
confirm_d54,361,pso_tuned,CMT1,30,69345,30,1,2333,588.5,4365000,1.791e+09,0.9972,0.997,1.193,,False,18:58
confirm_d54,362,ga_ls,CMT1,30,69345,30,1,2167,575.4,4130000,1.791e+09,1.003,1.003,1.128,,False,18:58
confirm_d54,363,qn_tuned,CMT1,30,69345,30,1,2774,678.8,4035000,1.791e+09,0.9617,0.9601,1.102,,False,18:59
confirm_d54,364,ortools,CMT1,30,69346,29.91,0.9969,,,3720000,1.791e+09,,,1.016,,False,18:59
confirm_d54,365,pso_tuned,CMT1,30,69346,30,1,2407,607.3,3535000,1.791e+09,1.029,1.029,0.9658,,False,18:59
confirm_d54,366,ga_ls,CMT1,30,69346,30,1,2124,564.1,3835000,1.791e+09,0.9833,0.9833,1.048,,False,18:59
confirm_d54,367,ortools,CMT1,30,69347,29.91,0.9969,,,3375000,1.791e+09,,,0.9221,,False,18:59
confirm_d54,368,qn_tuned,CMT1,30,69346,30,1,2862,701.6,3240000,1.791e+09,0.9921,0.9924,0.8852,,False,18:59
confirm_d54,369,qn_tuned,CMT1,30,69347,30,1,3080,754.3,3415000,1.791e+09,1.068,1.067,0.9331,,False,18:59
confirm_d54,370,pso_tuned,CMT1,30,69347,30,1,2355,594.2,3375000,1.791e+09,1.006,1.007,0.9221,,False,18:59
confirm_d54,371,ga_ls,CMT1,30,69347,30,1,2167,575.3,3440000,1.791e+09,1.003,1.003,0.9399,,False,18:59
confirm_d54,372,ortools,CMT1,30,69348,29.9,0.9968,,,3290000,1.791e+09,,,0.8989,,False,18:59
confirm_d54,373,ga_ls,CMT1,30,69348,30,1,2163,574.4,3105000,1.791e+09,1.001,1.001,0.8484,,False,18:59
confirm_d54,374,pso_tuned,CMT1,30,69348,30,1,2315,584,4235000,1.791e+09,0.9892,0.9893,1.157,,False,18:59
confirm_d54,375,qn_tuned,CMT1,30,69348,30,1,2771,680.7,3815000,1.791e+09,0.9605,0.9629,1.042,,False,18:59
confirm_d54,376,ortools,CMT1,30,69349,29.9,0.9967,,,4470000,1.791e+09,,,1.221,,False,18:59
confirm_d54,377,ga_ls,CMT1,30,69349,30,1,2178,578.4,3915000,1.791e+09,1.008,1.008,1.07,,False,18:59
confirm_d54,378,pso_tuned,CMT1,30,69349,30,1,2406,607,4035000,1.791e+09,1.028,1.028,1.102,,False,18:59
confirm_d54,379,ortools,CMT1,30,69350,29.9,0.9967,,,3850000,1.791e+09,,,1.052,,False,18:59
confirm_d54,380,qn_tuned,CMT1,30,69349,30,1,2840,695.9,3455000,1.791e+09,0.9846,0.9843,0.944,,False,18:59
confirm_d54,381,ga_ls,CMT1,30,69350,30,1,2197,583.4,4260000,1.791e+09,1.017,1.017,1.164,,False,18:59
confirm_d54,382,pso_tuned,CMT1,30,69350,30,1,2365,596.7,3390000,1.791e+09,1.011,1.011,0.9262,,False,18:59
confirm_d54,383,qn_tuned,CMT1,30,69350,30,1,2826,693.2,3665000,1.791e+09,0.9797,0.9805,1.001,,False,18:59
confirm_d54,384,qn_tuned,CMT1,30,69351,30,1,2858,701,3705000,1.791e+09,0.9907,0.9915,1.012,,False,18:59
confirm_d54,385,ortools,CMT1,30,69351,29.9,0.9968,,,4195000,1.791e+09,,,1.146,,False,19:00
confirm_d54,386,ga_ls,CMT1,30,69351,30,1,2207,586.1,3885000,1.791e+09,1.021,1.022,1.061,,False,19:00
confirm_d54,387,pso_tuned,CMT1,30,69351,30,1,2400,605.7,3515000,1.791e+09,1.026,1.026,0.9604,,False,19:00
confirm_d54,388,ortools,CMT1,30,69352,29.9,0.9968,,,3810000,1.791e+09,,,1.041,,False,19:00
confirm_d54,389,ortools,CMT1,30,69353,29.9,0.9968,,,3265000,1.791e+09,,,0.8921,,False,19:00
confirm_d54,390,qn_tuned,CMT1,30,69352,30,1,2857,699.3,3770000,1.791e+09,0.9905,0.9891,1.03,,False,19:00
confirm_d54,391,pso_tuned,CMT1,30,69352,30,1,2387,602.2,4355000,1.791e+09,1.02,1.02,1.19,,False,19:00
confirm_d54,392,ga_ls,CMT1,30,69352,30,1,2191,582.1,3550000,1.791e+09,1.014,1.015,0.9699,,False,19:00
confirm_d54,393,pso_tuned,CMT1,30,69353,30,1,2395,604.2,3490000,1.791e+09,1.023,1.023,0.9536,,False,19:00
confirm_d54,394,qn_tuned,CMT1,30,69353,30,1,2992,732.5,3710000,1.791e+09,1.037,1.036,1.014,,False,19:00
confirm_d54,395,ga_ls,CMT1,30,69353,30,1,2159,573.3,3425000,1.791e+09,0.9994,0.9994,0.9358,,False,19:00
confirm_d54,396,ortools,CMT1,30,69354,29.9,0.9968,,,3630000,1.791e+09,,,0.9918,,False,19:00
confirm_d54,397,pso_tuned,CMT1,30,69354,30,1,2412,608.3,3560000,1.791e+09,1.031,1.031,0.9727,,False,19:00
confirm_d54,398,ga_ls,CMT1,30,69354,30,1,2224,590.8,4025000,1.791e+09,1.03,1.03,1.1,,False,19:00
confirm_d54,399,qn_tuned,CMT1,30,69354,30,1,3037,742,4280000,1.791e+09,1.053,1.05,1.169,,False,19:00
confirm_d54,400,ortools,CMT1,30,69355,29.9,0.9968,,,3690000,1.791e+09,,,1.008,,False,19:00
confirm_d54,401,ga_ls,CMT1,30,69355,30,1,2203,585.1,4030000,1.791e+09,1.02,1.02,1.101,,False,19:00
confirm_d54,402,pso_tuned,CMT1,30,69355,30,1,2380,600.5,4620000,1.791e+09,1.017,1.017,1.262,,False,19:00
confirm_d54,403,qn_tuned,CMT1,30,69355,30,1,3026,742.5,4090000,1.791e+09,1.049,1.05,1.117,,False,19:00
confirm_d54,404,ga_ls,CMT1,30,69356,30,1,2162,574,3630000,1.791e+09,1.001,1.001,0.9918,,False,19:00
confirm_d54,405,ortools,CMT1,30,69356,29.9,0.9968,,,3500000,1.791e+09,,,0.9563,,False,19:00
confirm_d54,406,pso_tuned,CMT1,30,69356,30,1,2325,586.7,4860000,1.791e+09,0.9938,0.9938,1.328,,False,19:00
confirm_d54,407,qn_tuned,CMT1,30,69356,30,1,2859,700.9,3740000,1.791e+09,0.9912,0.9914,1.022,,False,19:01
confirm_d54,408,ortools,CMT1,30,69357,29.9,0.9968,,,3305000,1.791e+09,,,0.903,,False,19:01
confirm_d54,409,qn_tuned,CMT1,30,69357,30,1,2932,718.8,3585000,1.791e+09,1.016,1.017,0.9795,,False,19:01
confirm_d54,410,ga_ls,CMT1,30,69357,30,1,2138,567.8,3245000,1.791e+09,0.9897,0.9898,0.8866,,False,19:01
confirm_d54,411,ortools,CMT1,30,69358,29.9,0.9968,,,3485000,1.791e+09,,,0.9522,,False,19:01
confirm_d54,412,pso_tuned,CMT1,30,69357,30,1,2345,591.5,3860000,1.791e+09,1.002,1.002,1.055,,False,19:01
confirm_d54,413,ga_ls,CMT1,30,69358,30,1,2084,553.1,3835000,1.791e+09,0.9645,0.9642,1.048,,False,19:01
confirm_d54,414,pso_tuned,CMT1,30,69358,30,1,2389,602.8,3845000,1.791e+09,1.021,1.021,1.051,,False,19:01
confirm_d54,415,qn_tuned,CMT1,30,69358,30,1,2975,726.6,3695000,1.791e+09,1.031,1.028,1.01,,False,19:01
confirm_d54,416,ortools,CMT1,30,69359,29.9,0.9968,,,3545000,1.791e+09,,,0.9686,,False,19:01
confirm_d54,417,pso_tuned,CMT1,30,69359,30,1,2315,584.1,4195000,1.791e+09,0.9895,0.9895,1.146,,False,19:01
confirm_d54,418,ga_ls,CMT1,30,69359,30,1,2194,582.8,3625000,1.791e+09,1.016,1.016,0.9904,,False,19:01
confirm_d54,419,qn_tuned,CMT1,30,69359,30,1,3077,754.1,3530000,1.791e+09,1.067,1.067,0.9645,,False,19:01
confirm_d54,420,pso_tuned,CMT1,30,69360,30,1,2371,598.1,3430000,1.791e+09,1.013,1.013,0.9372,,False,19:01
confirm_d54,421,ortools,CMT1,30,69360,29.9,0.9968,,,3450000,1.791e+09,,,0.9426,,False,19:01
confirm_d54,422,ga_ls,CMT1,30,69360,30,1,2144,569.4,3870000,1.791e+09,0.9927,0.9925,1.057,,False,19:01
confirm_d54,423,qn_tuned,CMT1,30,69360,30,1,3116,761.8,3800000,1.791e+09,1.08,1.078,1.038,,False,19:01
confirm_d54,424,ortools,CMT1,30,69361,29.91,0.9969,,,3915000,1.791e+09,,,1.07,,False,19:01
confirm_d54,425,pso_tuned,CMT1,30,69361,30,1,2381,600.8,3440000,1.791e+09,1.018,1.018,0.9399,,False,19:01
confirm_d54,426,qn_tuned,CMT1,30,69361,30,1,2907,712.4,3690000,1.791e+09,1.008,1.008,1.008,,False,19:01
confirm_d54,427,ga_ls,CMT1,30,69361,30,1,2158,573,3970000,1.791e+09,0.9991,0.9989,1.085,,False,19:01
confirm_d54,428,pso_tuned,CMT1,30,69362,30,1,2439,615.2,3895000,1.791e+09,1.042,1.042,1.064,,False,19:01
confirm_d54,429,ortools,CMT1,30,69362,29.91,0.9969,,,3785000,1.791e+09,,,1.034,,False,19:02
confirm_d54,430,qn_tuned,CMT1,30,69362,30,1,2833,694.9,3445000,1.791e+09,0.9822,0.9829,0.9413,,False,19:02
confirm_d54,431,ga_ls,CMT1,30,69362,30,1,1994,529.2,3995000,1.791e+09,0.9229,0.9226,1.092,,False,19:02
confirm_d54,432,ortools,CMT1,30,69363,29.9,0.9967,,,3975000,1.791e+09,,,1.086,,False,19:02
confirm_d54,433,pso_tuned,CMT1,30,69363,30,1,2147,541.7,3735000,1.791e+09,0.9177,0.9176,1.02,,False,19:02
confirm_d54,434,qn_tuned,CMT1,30,69363,30,1,2717,666.6,3470000,1.791e+09,0.9419,0.9428,0.9481,,False,19:02
confirm_d54,435,ga_ls,CMT1,30,69363,30,1,2067,549.1,4220000,1.791e+09,0.9569,0.9572,1.153,,False,19:02
confirm_d54,436,qn_tuned,CMT1,30,69364,30,1,2686,657.6,4225000,1.791e+09,0.9312,0.9301,1.154,,False,19:02
confirm_d54,437,pso_tuned,CMT1,30,69364,30,1,2227,561.8,4975000,1.791e+09,0.9516,0.9516,1.359,,False,19:02
confirm_d54,438,ga_ls,CMT1,30,69364,30,1,2034,540,3600000,1.791e+09,0.9416,0.9413,0.9836,,False,19:02
confirm_d54,439,ortools,CMT1,30,69364,29.91,0.9968,,,3660000,1.791e+09,,,1,,False,19:02
confirm_d54,440,ortools,CMT1,30,69365,29.9,0.9968,,,3530000,1.791e+09,,,0.9645,,False,19:02
confirm_d54,441,pso_tuned,CMT1,30,69365,30,1,2335,589.1,4180000,1.791e+09,0.9978,0.998,1.142,,False,19:02
confirm_d54,442,qn_tuned,CMT1,30,69365,30,1,2970,728.5,3790000,1.791e+09,1.03,1.03,1.036,,False,19:02
confirm_d54,443,ga_ls,CMT1,30,69365,30,1,2161,574,3415000,1.791e+09,1.001,1.001,0.9331,,False,19:02
confirm_d54,444,ortools,CMT1,30,69366,29.9,0.9968,,,3895000,1.791e+09,,,1.064,,False,19:02
confirm_d54,445,qn_tuned,CMT1,30,69366,30,1,2914,713.7,3705000,1.791e+09,1.01,1.01,1.012,,False,19:02
confirm_d54,446,pso_tuned,CMT1,30,69366,30,1,2324,586.5,3735000,1.791e+09,0.9932,0.9935,1.02,,False,19:02
confirm_d54,447,ga_ls,CMT1,30,69366,30,1,2157,572.7,3905000,1.791e+09,0.9985,0.9983,1.067,,False,19:02
confirm_d54,448,pso_tuned,CMT1,30,69367,30,1,2303,580.8,3985000,1.791e+09,0.9841,0.9839,1.089,,False,19:02
confirm_d54,449,ortools,CMT1,30,69367,29.9,0.9968,,,3460000,1.791e+09,,,0.9454,,False,19:02
confirm_d54,450,qn_tuned,CMT1,30,69367,30,1,2843,694.6,4105000,1.791e+09,0.9855,0.9824,1.122,,False,19:02
confirm_d54,451,ga_ls,CMT1,30,69367,30,1,2134,566.6,4115000,1.791e+09,0.9877,0.9877,1.124,,False,19:03
confirm_d54,452,ortools,CMT1,30,69368,29.9,0.9968,,,3935000,1.791e+09,,,1.075,,False,19:03
confirm_d54,453,ga_ls,CMT1,30,69368,30,1,2156,572.3,3980000,1.791e+09,0.9979,0.9976,1.087,,False,19:03
confirm_d54,454,qn_tuned,CMT1,30,69368,30,1,2796,685.4,3295000,1.791e+09,0.9693,0.9695,0.9003,,False,19:03
confirm_d54,455,ortools,CMT1,30,69369,29.9,0.9968,,,3330000,1.791e+09,,,0.9098,,False,19:03
confirm_d54,456,pso_tuned,CMT1,30,69368,30,1,2286,576.7,3705000,1.791e+09,0.977,0.9769,1.012,,False,19:03
confirm_d54,457,ga_ls,CMT1,30,69369,30,1,2167,575.3,3330000,1.791e+09,1.003,1.003,0.9098,,False,19:03
confirm_d54,458,pso_tuned,CMT1,30,69369,30,1,2369,597.8,3570000,1.791e+09,1.013,1.013,0.9754,,False,19:03
confirm_d54,459,qn_tuned,CMT1,30,69369,30,1,2980,728.5,3385000,1.791e+09,1.033,1.03,0.9249,,False,19:03
confirm_d54,460,qn_tuned,CMT1,30,69370,30,1,2986,731.2,3815000,1.791e+09,1.035,1.034,1.042,,False,19:03
confirm_d54,461,pso_tuned,CMT1,30,69370,30,1,2226,561.5,3170000,1.791e+09,0.9513,0.9512,0.8661,,False,19:03
confirm_d54,462,ortools,CMT1,30,69370,29.9,0.9968,,,3320000,1.791e+09,,,0.9071,,False,19:03
confirm_d54,463,ortools,CMT1,30,69371,29.9,0.9967,,,4215000,1.791e+09,,,1.152,,False,19:03
confirm_d54,464,ga_ls,CMT1,30,69370,30,1,2117,561.9,4330000,1.791e+09,0.9798,0.9796,1.183,,False,19:03
confirm_d54,465,pso_tuned,CMT1,30,69371,30,1,2318,584.8,4120000,1.791e+09,0.9906,0.9906,1.126,,False,19:03
confirm_d54,466,qn_tuned,CMT1,30,69371,30,1,2822,690.5,3985000,1.791e+09,0.9781,0.9767,1.089,,False,19:03
confirm_d54,467,ga_ls,CMT1,30,69371,30,1,2203,585.1,3090000,1.791e+09,1.02,1.02,0.8443,,False,19:03
confirm_d54,468,ortools,CMT1,30,69372,29.9,0.9968,,,4305000,1.791e+09,,,1.176,,False,19:03
confirm_d54,469,pso_tuned,CMT1,30,69372,30,1,2314,583.8,4055000,1.791e+09,0.9889,0.9889,1.108,,False,19:03
confirm_d54,470,ga_ls,CMT1,30,69372,30,1,2163,574.4,3330000,1.791e+09,1.001,1.001,0.9098,,False,19:03
confirm_d54,471,qn_tuned,CMT1,30,69372,30,1,2820,691.5,3365000,1.791e+09,0.9775,0.9781,0.9194,,False,19:03
confirm_d54,472,qn_tuned,CMT1,30,69373,30,1,2997,735.3,3225000,1.791e+09,1.039,1.04,0.8811,,False,19:03
confirm_d54,473,ortools,CMT1,30,69373,29.9,0.9968,,,4115000,1.791e+09,,,1.124,,False,19:04
confirm_d54,474,pso_tuned,CMT1,30,69373,30,1,2297,579.7,3590000,1.791e+09,0.9818,0.9821,0.9809,,False,19:04
confirm_d54,475,ga_ls,CMT1,30,69373,30,1,2092,555.5,3535000,1.791e+09,0.9685,0.9683,0.9658,,False,19:04
confirm_d54,476,ortools,CMT1,30,69374,29.91,0.9968,,,3485000,1.791e+09,,,0.9522,,False,19:04
confirm_d54,477,qn_tuned,CMT1,30,69374,30,1,2940,718.4,3695000,1.791e+09,1.019,1.016,1.01,,False,19:04
confirm_d54,478,pso_tuned,CMT1,30,69374,30,1,2325,586.7,3375000,1.791e+09,0.9938,0.9938,0.9221,,False,19:04
confirm_d54,479,ga_ls,CMT1,30,69374,30,1,2140,568.3,3840000,1.791e+09,0.9908,0.9906,1.049,,False,19:04
confirm_d54,480,ortools,CMT5,60,70345,59.9,0.9984,,,4110000,1.791e+09,,,1.123,,False,19:04
confirm_d54,481,ga_ls,CMT5,60,70345,60,1,540.3,143.4,4155000,1.791e+09,1.011,1.011,1.135,,False,19:04
confirm_d54,482,qn_tuned,CMT5,60,70345,60,1,132,32.51,3685000,1.791e+09,1.241,1.238,1.007,,False,19:04
confirm_d54,483,pso_tuned,CMT5,60,70345,60.01,1,106,26.51,3715000,1.791e+09,1.071,1.073,1.015,,False,19:04
confirm_d54,484,pso_tuned,CMT5,60,70346,60.01,1,92.65,23.15,3535000,1.791e+09,0.936,0.9366,0.9658,,False,19:04
confirm_d54,485,ortools,CMT5,60,70346,59.9,0.9984,,,3715000,1.791e+09,,,1.015,,False,19:04
confirm_d54,486,qn_tuned,CMT5,60,70346,60.01,1,105.2,25.86,3630000,1.791e+09,0.9886,0.9851,0.9918,,False,19:04
confirm_d54,487,ga_ls,CMT5,60,70346,60,1,534.7,141.9,3335000,1.791e+09,1.001,1.001,0.9112,,False,19:04
confirm_d54,488,ortools,CMT5,60,70347,59.9,0.9984,,,3440000,1.791e+09,,,0.9399,,False,19:04
confirm_d54,489,pso_tuned,CMT5,60,70347,60.01,1,98.66,24.65,3845000,1.791e+09,0.9966,0.9973,1.051,,False,19:04
confirm_d54,490,ga_ls,CMT5,60,70347,60,1,536.2,142.2,4145000,1.791e+09,1.003,1.003,1.133,,False,19:04
confirm_d54,491,qn_tuned,CMT5,60,70347,60.01,1,109.7,27.26,3820000,1.791e+09,1.03,1.038,1.044,,False,19:05
confirm_d54,492,ga_ls,CMT5,60,70348,60,1,534.1,141.7,3325000,1.791e+09,0.9995,0.9994,0.9085,,False,19:05
confirm_d54,493,ortools,CMT5,60,70348,59.9,0.9984,,,3210000,1.791e+09,,,0.877,,False,19:05
confirm_d54,494,pso_tuned,CMT5,60,70348,60.01,1,109.3,27.3,4220000,1.791e+09,1.104,1.104,1.153,,False,19:05
confirm_d54,495,qn_tuned,CMT5,60,70348,60.01,1,89.11,21.9,3915000,1.791e+09,0.8372,0.834,1.07,,False,19:05
confirm_d54,496,ortools,CMT5,60,70349,59.91,0.9984,,,3485000,1.791e+09,,,0.9522,,False,19:05
confirm_d54,497,qn_tuned,CMT5,60,70349,60,1,106.9,26.18,3250000,1.791e+09,1.004,0.9971,0.888,,False,19:05
confirm_d54,498,ga_ls,CMT5,60,70349,60,1,526.9,139.8,3445000,1.791e+09,0.9861,0.9859,0.9413,,False,19:05
confirm_d54,499,pso_tuned,CMT5,60,70349,60,1,107.3,26.83,3740000,1.791e+09,1.084,1.086,1.022,,False,19:05
confirm_d54,500,qn_tuned,CMT5,60,70350,60.01,1,104.6,25.71,3745000,1.791e+09,0.9831,0.9793,1.023,,False,19:05
confirm_d54,501,pso_tuned,CMT5,60,70350,60,1,97.33,24.33,3315000,1.791e+09,0.9832,0.9845,0.9057,,False,19:05
confirm_d54,502,ortools,CMT5,60,70350,59.91,0.9984,,,4290000,1.791e+09,,,1.172,,False,19:06
confirm_d54,503,ortools,CMT5,60,70351,59.9,0.9984,,,3605000,1.791e+09,,,0.985,,False,19:06
confirm_d54,504,ga_ls,CMT5,60,70350,60,1,523.1,138.7,2985000,1.791e+09,0.9788,0.978,0.8156,,False,19:06
confirm_d54,505,pso_tuned,CMT5,60,70351,60,1,119.3,29.9,3215000,1.791e+09,1.205,1.21,0.8784,,False,19:06
confirm_d54,506,ga_ls,CMT5,60,70351,60,1,530.7,140.9,3400000,1.791e+09,0.9931,0.9933,0.929,,False,19:06
confirm_d54,507,qn_tuned,CMT5,60,70351,60,1,113.1,27.9,3125000,1.791e+09,1.063,1.063,0.8538,,False,19:06
confirm_d54,508,qn_tuned,CMT5,60,70352,60.01,1,95.54,23.63,4025000,1.791e+09,0.8976,0.9,1.1,,False,19:06
confirm_d54,509,pso_tuned,CMT5,60,70352,60,1,94.66,23.66,3005000,1.791e+09,0.9562,0.9575,0.821,,False,19:06
confirm_d54,510,ortools,CMT5,60,70352,59.9,0.9984,,,3595000,1.791e+09,,,0.9822,,False,19:06
confirm_d54,511,ga_ls,CMT5,60,70352,60,1,538.8,142.9,2975000,1.791e+09,1.008,1.008,0.8128,,False,19:06
confirm_d54,512,ga_ls,CMT5,60,70353,60,1,539.9,143.3,3195000,1.791e+09,1.01,1.01,0.873,,False,19:06
confirm_d54,513,qn_tuned,CMT5,60,70353,60,1,106.9,26.45,4895000,1.791e+09,1.004,1.007,1.337,,False,19:07
confirm_d54,514,ortools,CMT5,60,70353,59.9,0.9984,,,4360000,1.791e+09,,,1.191,,False,19:07
confirm_d54,515,pso_tuned,CMT5,60,70353,60.01,1,99.99,25,3190000,1.791e+09,1.01,1.011,0.8716,,False,19:07
confirm_d54,516,pso_tuned,CMT5,60,70354,60,1,110,27.56,3145000,1.791e+09,1.111,1.115,0.8593,,False,19:07
confirm_d54,517,ga_ls,CMT5,60,70354,60,1,538.7,142.9,3640000,1.791e+09,1.008,1.008,0.9945,,False,19:07
confirm_d54,518,qn_tuned,CMT5,60,70354,60,1,103.2,25.65,3485000,1.791e+09,0.97,0.9768,0.9522,,False,19:07
confirm_d54,519,ortools,CMT5,60,70354,59.9,0.9984,,,4105000,1.791e+09,,,1.122,,False,19:07
confirm_d54,520,ga_ls,CMT5,60,70355,60,1,535.8,142.2,3220000,1.791e+09,1.003,1.003,0.8798,,False,19:07
confirm_d54,521,pso_tuned,CMT5,60,70355,60,1,99.33,24.78,3210000,1.791e+09,1.003,1.003,0.877,,False,19:07
confirm_d54,522,ortools,CMT5,60,70355,59.92,0.9986,,,3570000,1.791e+09,,,0.9754,,False,19:07
confirm_d54,523,qn_tuned,CMT5,60,70355,60,1,115.7,28.52,3210000,1.791e+09,1.087,1.086,0.877,,False,19:07
confirm_d54,524,qn_tuned,CMT5,60,70356,60.01,1,111.2,27.3,3330000,1.791e+09,1.045,1.04,0.9098,,False,19:08
confirm_d54,525,pso_tuned,CMT5,60,70356,60,1,100.2,25.08,3490000,1.791e+09,1.012,1.015,0.9536,,False,19:08
confirm_d54,526,ortools,CMT5,60,70356,59.9,0.9984,,,3685000,1.791e+09,,,1.007,,False,19:08
confirm_d54,527,ga_ls,CMT5,60,70356,60,1,541,143.6,3720000,1.791e+09,1.012,1.012,1.016,,False,19:08
confirm_d54,528,ga_ls,CMT5,60,70357,60,1,525,139.3,3105000,1.791e+09,0.9825,0.9819,0.8484,,False,19:08
confirm_d54,529,qn_tuned,CMT5,60,70357,60.01,1,108.5,26.98,3340000,1.791e+09,1.02,1.028,0.9126,,False,19:08
confirm_d54,530,ortools,CMT5,60,70357,59.9,0.9984,,,3635000,1.791e+09,,,0.9932,,False,19:08
confirm_d54,531,pso_tuned,CMT5,60,70357,60.01,1,93.99,23.53,3835000,1.791e+09,0.9495,0.9521,1.048,,False,19:08
confirm_d54,532,ga_ls,CMT5,60,70358,60,1,535.8,142.2,3705000,1.791e+09,1.003,1.002,1.012,,False,19:08
confirm_d54,533,ortools,CMT5,60,70358,59.9,0.9984,,,3005000,1.791e+09,,,0.821,,False,19:08
confirm_d54,534,pso_tuned,CMT5,60,70358,60,1,95.96,23.92,3410000,1.791e+09,0.9694,0.9677,0.9317,,False,19:08
confirm_d54,535,qn_tuned,CMT5,60,70358,60,1,100.7,24.77,3565000,1.791e+09,0.9457,0.9432,0.974,,False,19:09
confirm_d54,536,ga_ls,CMT5,60,70359,60,1,529.5,140.4,3360000,1.791e+09,0.9908,0.9899,0.918,,False,19:09
confirm_d54,537,qn_tuned,CMT5,60,70359,60,1,105.5,26.05,4575000,1.791e+09,0.9916,0.9921,1.25,,False,19:09
confirm_d54,538,pso_tuned,CMT5,60,70359,60,1,91.59,22.9,3465000,1.791e+09,0.9253,0.9265,0.9467,,False,19:09
confirm_d54,539,ortools,CMT5,60,70359,59.9,0.9984,,,3400000,1.791e+09,,,0.929,,False,19:09
confirm_d54,540,pso_tuned,CMT5,60,70360,60,1,109.3,27.35,2885000,1.791e+09,1.104,1.107,0.7883,,False,19:09
confirm_d54,541,ga_ls,CMT5,60,70360,60,1,516.2,137,3075000,1.791e+09,0.9659,0.9662,0.8402,,False,19:09
confirm_d54,542,qn_tuned,CMT5,60,70360,60,1,100.6,24.92,3620000,1.791e+09,0.9448,0.9489,0.9891,,False,19:09
confirm_d54,543,ortools,CMT5,60,70360,59.91,0.9984,,,4105000,1.791e+09,,,1.122,,False,19:09
confirm_d54,544,ortools,CMT5,60,70361,59.91,0.9984,,,3400000,1.791e+09,,,0.929,,False,19:09
confirm_d54,545,ga_ls,CMT5,60,70361,60,1,527.5,139.9,3185000,1.791e+09,0.9872,0.9863,0.8702,,False,19:09
confirm_d54,546,pso_tuned,CMT5,60,70361,60,1,91.33,22.85,4200000,1.791e+09,0.9226,0.9245,1.148,,False,19:10
confirm_d54,547,qn_tuned,CMT5,60,70361,60,1,123.4,30.51,3810000,1.791e+09,1.16,1.162,1.041,,False,19:10
confirm_d54,548,ga_ls,CMT5,60,70362,60,1,511.1,135.6,3320000,1.791e+09,0.9564,0.9562,0.9071,,False,19:10
confirm_d54,549,pso_tuned,CMT5,60,70362,60.01,1,92.66,23.1,4885000,1.791e+09,0.936,0.9346,1.335,,False,19:10
confirm_d54,550,qn_tuned,CMT5,60,70362,60,1,98.03,24.27,3395000,1.791e+09,0.921,0.9242,0.9276,,False,19:10
confirm_d54,551,ortools,CMT5,60,70362,59.91,0.9984,,,3200000,1.791e+09,,,0.8743,,False,19:10
confirm_d54,552,qn_tuned,CMT5,60,70363,60,1,94.98,23.52,3430000,1.791e+09,0.8924,0.8956,0.9372,,False,19:10
confirm_d54,553,ortools,CMT5,60,70363,59.91,0.9985,,,3985000,1.791e+09,,,1.089,,False,19:10
confirm_d54,554,ga_ls,CMT5,60,70363,60,1,511.7,135.7,3370000,1.791e+09,0.9576,0.9566,0.9208,,False,19:10
confirm_d54,555,pso_tuned,CMT5,60,70363,60,1,100.9,25.25,3585000,1.791e+09,1.019,1.022,0.9795,,False,19:10
confirm_d54,556,ga_ls,CMT5,60,70364,60,1,513.2,136.2,3155000,1.791e+09,0.9604,0.9601,0.862,,False,19:10
confirm_d54,557,ortools,CMT5,60,70364,59.9,0.9984,,,3380000,1.791e+09,,,0.9235,,False,19:11
confirm_d54,558,qn_tuned,CMT5,60,70364,60.01,1,98.49,24.15,4515000,1.791e+09,0.9254,0.9197,1.234,,False,19:11
confirm_d54,559,pso_tuned,CMT5,60,70364,60,1,101.2,25.25,3500000,1.791e+09,1.022,1.022,0.9563,,False,19:11
confirm_d54,560,ga_ls,CMT5,60,70365,60,1,530.3,140.7,3780000,1.791e+09,0.9924,0.9923,1.033,,False,19:11
confirm_d54,561,qn_tuned,CMT5,60,70365,60.01,1,109.5,27.15,3275000,1.791e+09,1.029,1.034,0.8948,,False,19:11
confirm_d54,562,pso_tuned,CMT5,60,70365,60,1,97.33,24.36,3435000,1.791e+09,0.9832,0.9858,0.9385,,False,19:11
confirm_d54,563,ortools,CMT5,60,70365,59.9,0.9984,,,3490000,1.791e+09,,,0.9536,,False,19:11
confirm_d54,564,ortools,CMT5,60,70366,59.91,0.9984,,,3860000,1.791e+09,,,1.055,,False,19:11
confirm_d54,565,pso_tuned,CMT5,60,70366,60,1,91.33,22.9,3170000,1.791e+09,0.9226,0.9265,0.8661,,False,19:11
confirm_d54,566,qn_tuned,CMT5,60,70366,60,1,114.5,28.4,2820000,1.791e+09,1.076,1.082,0.7705,,False,19:11
confirm_d54,567,ga_ls,CMT5,60,70366,60,1,528,140.1,3040000,1.791e+09,0.988,0.9875,0.8306,,False,19:11
confirm_d54,568,pso_tuned,CMT5,60,70367,60.01,1,97.32,24.26,3070000,1.791e+09,0.9831,0.9817,0.8388,,False,19:12
confirm_d54,569,ortools,CMT5,60,70367,59.9,0.9984,,,3120000,1.791e+09,,,0.8525,,False,19:12
confirm_d54,570,ga_ls,CMT5,60,70367,60,1,529.3,140.4,3265000,1.791e+09,0.9904,0.9899,0.8921,,False,19:12
confirm_d54,571,qn_tuned,CMT5,60,70367,60,1,132.3,32.77,3535000,1.791e+09,1.243,1.248,0.9658,,False,19:12
confirm_d54,572,ga_ls,CMT5,60,70368,60,1,535.7,142.1,3550000,1.791e+09,1.002,1.002,0.9699,,False,19:12
confirm_d54,573,ortools,CMT5,60,70368,59.91,0.9984,,,3795000,1.791e+09,,,1.037,,False,19:12
confirm_d54,574,pso_tuned,CMT5,60,70368,60,1,105.3,26.38,3490000,1.791e+09,1.064,1.067,0.9536,,False,19:12
confirm_d54,575,ortools,CMT5,60,70369,59.9,0.9984,,,3650000,1.791e+09,,,0.9973,,False,19:12
confirm_d54,576,qn_tuned,CMT5,60,70368,60,1,106,26.27,3735000,1.791e+09,0.996,1,1.02,,False,19:12
confirm_d54,577,pso_tuned,CMT5,60,70369,60,1,104.5,26.1,3250000,1.791e+09,1.055,1.056,0.888,,False,19:12
confirm_d54,578,qn_tuned,CMT5,60,70369,60.01,1,120.6,29.81,3980000,1.791e+09,1.133,1.135,1.087,,False,19:12
confirm_d54,579,ortools,CMT5,60,70370,59.9,0.9984,,,3170000,1.791e+09,,,0.8661,,False,19:13
confirm_d54,580,ga_ls,CMT5,60,70369,60,1,531.4,140.9,3810000,1.791e+09,0.9944,0.9936,1.041,,False,19:13
confirm_d54,581,qn_tuned,CMT5,60,70370,60.01,1,105.6,26.25,3045000,1.791e+09,0.9918,0.9997,0.832,,False,19:13
confirm_d54,582,pso_tuned,CMT5,60,70370,60,1,128.7,32.25,3200000,1.791e+09,1.3,1.305,0.8743,,False,19:13
confirm_d54,583,ga_ls,CMT5,60,70370,60,1,540.9,143.6,3595000,1.791e+09,1.012,1.012,0.9822,,False,19:13
confirm_d54,584,ortools,CMT5,60,70371,59.91,0.9985,,,3220000,1.791e+09,,,0.8798,,False,19:13
confirm_d54,585,pso_tuned,CMT5,60,70371,60,1,98,24.53,3320000,1.791e+09,0.9899,0.9926,0.9071,,False,19:13
confirm_d54,586,qn_tuned,CMT5,60,70371,60,1,106.9,26.42,3375000,1.791e+09,1.005,1.006,0.9221,,False,19:13
confirm_d54,587,ga_ls,CMT5,60,70371,60,1,545.4,144.8,3935000,1.791e+09,1.021,1.021,1.075,,False,19:13
confirm_d54,588,ortools,CMT5,60,70372,59.9,0.9984,,,3925000,1.791e+09,,,1.072,,False,19:13
confirm_d54,589,ga_ls,CMT5,60,70372,60,1,550.6,146.1,3455000,1.791e+09,1.03,1.03,0.944,,False,19:13
confirm_d54,590,pso_tuned,CMT5,60,70372,60.01,1,102.7,25.61,3475000,1.791e+09,1.037,1.036,0.9495,,False,19:14
confirm_d54,591,qn_tuned,CMT5,60,70372,60,1,97.81,24.13,3440000,1.791e+09,0.919,0.9191,0.9399,,False,19:14
confirm_d54,592,ortools,CMT5,60,70373,59.9,0.9984,,,3655000,1.791e+09,,,0.9986,,False,19:14
confirm_d54,593,qn_tuned,CMT5,60,70373,60,1,115.3,28.48,3675000,1.791e+09,1.083,1.085,1.004,,False,19:14
confirm_d54,594,pso_tuned,CMT5,60,70373,60,1,93.33,23.35,3285000,1.791e+09,0.9428,0.9447,0.8975,,False,19:14
confirm_d54,595,ga_ls,CMT5,60,70373,60,1,536.9,142.4,4065000,1.791e+09,1.005,1.004,1.111,,False,19:14
confirm_d54,596,pso_tuned,CMT5,60,70374,60.01,1,95.99,24.03,3135000,1.791e+09,0.9697,0.9723,0.8566,,False,19:14
confirm_d54,597,ortools,CMT5,60,70374,59.9,0.9984,,,3540000,1.791e+09,,,0.9672,,False,19:14
confirm_d54,598,qn_tuned,CMT5,60,70374,60,1,103,25.5,3410000,1.791e+09,0.9678,0.9711,0.9317,,False,19:14
confirm_d54,599,ga_ls,CMT5,60,70374,60,1,539.6,143.1,3220000,1.791e+09,1.01,1.009,0.8798,,False,19:14
confirm_d54,600,pso_tuned,X-n101-k25,60,71345,60,1,684,172.5,3060000,1.791e+09,1.002,1.002,0.8361,,False,19:14
confirm_d54,601,ortools,X-n101-k25,60,71345,59.9,0.9984,,,3430000,1.791e+09,,,0.9372,,False,19:15
confirm_d54,602,ga_ls,X-n101-k25,60,71345,60,1,1712,454.8,3475000,1.791e+09,1.009,1.009,0.9495,,False,19:15
confirm_d54,603,ortools,X-n101-k25,60,71346,59.9,0.9984,,,4110000,1.791e+09,,,1.123,,False,19:15
confirm_d54,604,qn_tuned,X-n101-k25,60,71345,60,1,664.7,165.6,3645000,1.791e+09,0.9319,0.9313,0.9959,,False,19:15
confirm_d54,605,qn_tuned,X-n101-k25,60,71346,60,1,731.4,182.3,3165000,1.791e+09,1.025,1.025,0.8648,,False,19:15
confirm_d54,606,pso_tuned,X-n101-k25,60,71346,60,1,662.1,167,3425000,1.791e+09,0.97,0.9702,0.9358,,False,19:15
confirm_d54,607,ga_ls,X-n101-k25,60,71346,60,1,1617,429.6,3440000,1.791e+09,0.9527,0.9529,0.9399,,False,19:15
confirm_d54,608,ga_ls,X-n101-k25,60,71347,60,1,1603,425.7,3495000,1.791e+09,0.9443,0.9443,0.9549,,False,19:15
confirm_d54,609,pso_tuned,X-n101-k25,60,71347,60,1,608.6,153.5,3740000,1.791e+09,0.8916,0.8915,1.022,,False,19:15
confirm_d54,610,ortools,X-n101-k25,60,71347,59.9,0.9984,,,3280000,1.791e+09,,,0.8962,,False,19:15
confirm_d54,611,qn_tuned,X-n101-k25,60,71347,60,1,657.8,163.7,3210000,1.791e+09,0.9222,0.9206,0.877,,False,19:15
confirm_d54,612,ortools,X-n101-k25,60,71348,59.9,0.9984,,,3200000,1.791e+09,,,0.8743,,False,19:16
confirm_d54,613,qn_tuned,X-n101-k25,60,71348,60,1,644.5,160.8,3300000,1.791e+09,0.9036,0.9039,0.9016,,False,19:16
confirm_d54,614,pso_tuned,X-n101-k25,60,71348,60,1,638,160.8,2990000,1.791e+09,0.9346,0.934,0.8169,,False,19:16
confirm_d54,615,ga_ls,X-n101-k25,60,71348,60,1,1549,411.4,3085000,1.791e+09,0.9127,0.9126,0.8429,,False,19:16
confirm_d54,616,ga_ls,X-n101-k25,60,71349,60,1,1618,429.8,3665000,1.791e+09,0.9534,0.9533,1.001,,False,19:16
confirm_d54,617,qn_tuned,X-n101-k25,60,71349,60,1,622.4,155,3870000,1.791e+09,0.8726,0.8713,1.057,,False,19:16
confirm_d54,618,pso_tuned,X-n101-k25,60,71349,60,1,667.3,168.3,3425000,1.791e+09,0.9775,0.9776,0.9358,,False,19:16
confirm_d54,619,ortools,X-n101-k25,60,71349,59.9,0.9984,,,3685000,1.791e+09,,,1.007,,False,19:16
confirm_d54,620,ga_ls,X-n101-k25,60,71350,60,1,1629,432.8,3335000,1.791e+09,0.96,0.96,0.9112,,False,19:16
confirm_d54,621,pso_tuned,X-n101-k25,60,71350,60,1,632.6,159.5,3220000,1.791e+09,0.9267,0.9269,0.8798,,False,19:16
confirm_d54,622,qn_tuned,X-n101-k25,60,71350,60,1,635.9,158.6,3280000,1.791e+09,0.8915,0.8917,0.8962,,False,19:16
confirm_d54,623,ortools,X-n101-k25,60,71350,59.9,0.9984,,,3775000,1.791e+09,,,1.031,,False,19:17
confirm_d54,624,qn_tuned,X-n101-k25,60,71351,60,1,647.5,161.5,3485000,1.791e+09,0.9078,0.9078,0.9522,,False,19:17
confirm_d54,625,ortools,X-n101-k25,60,71351,59.9,0.9984,,,4640000,1.791e+09,,,1.268,,False,19:17
confirm_d54,626,ga_ls,X-n101-k25,60,71351,60,1,1681,446.7,3440000,1.791e+09,0.9908,0.9908,0.9399,,False,19:17
confirm_d54,627,pso_tuned,X-n101-k25,60,71351,60,1,664.6,167.6,3360000,1.791e+09,0.9736,0.9737,0.918,,False,19:17
confirm_d54,628,qn_tuned,X-n101-k25,60,71352,60,1,744,185.1,3490000,1.791e+09,1.043,1.041,0.9536,,False,19:17
confirm_d54,629,ga_ls,X-n101-k25,60,71352,60,1,1665,442.3,3635000,1.791e+09,0.9811,0.981,0.9932,,False,19:17
confirm_d54,630,pso_tuned,X-n101-k25,60,71352,60,1,675.3,170.3,3220000,1.791e+09,0.9893,0.9896,0.8798,,False,19:17
confirm_d54,631,ortools,X-n101-k25,60,71352,59.9,0.9984,,,3180000,1.791e+09,,,0.8689,,False,19:17
confirm_d54,632,qn_tuned,X-n101-k25,60,71353,60,1,725,180.6,3835000,1.791e+09,1.016,1.015,1.048,,False,19:17
confirm_d54,633,pso_tuned,X-n101-k25,60,71353,60,1,665.3,167.7,4070000,1.791e+09,0.9746,0.9743,1.112,,False,19:17
confirm_d54,634,ga_ls,X-n101-k25,60,71353,60,1,2498,663.6,3855000,1.791e+09,1.472,1.472,1.053,,False,19:18
confirm_d54,635,ortools,X-n101-k25,60,71353,59.9,0.9984,,,3615000,1.791e+09,,,0.9877,,False,19:18
confirm_d54,636,ortools,X-n101-k25,60,71354,59.9,0.9984,,,3420000,1.791e+09,,,0.9344,,False,19:18
confirm_d54,637,ga_ls,X-n101-k25,60,71354,60,1,2547,676.6,3780000,1.791e+09,1.501,1.501,1.033,,False,19:18
confirm_d54,638,ortools,X-n101-k25,60,71356,59.9,0.9983,,,4675000,1.791e+09,,,1.277,,False,19:19
confirm_d54,639,ortools,X-n101-k25,60,71355,59.9,0.9984,,,4080000,1.791e+09,,,1.115,,False,19:19
confirm_d54,640,pso_tuned,X-n101-k25,60,71354,60,1,697.3,175.8,5660000,1.791e+09,1.021,1.022,1.546,,False,19:19
confirm_d54,641,pso_tuned,X-n101-k25,60,71355,60,1,730.6,184.2,4045000,1.791e+09,1.07,1.07,1.105,,False,19:19
confirm_d54,642,qn_tuned,X-n101-k25,60,71355,60,1,758.1,188.8,4505000,1.791e+09,1.063,1.062,1.231,,False,19:19
confirm_d54,643,qn_tuned,X-n101-k25,60,71354,60,1,696.8,173.8,4390000,1.791e+09,0.977,0.9769,1.199,,False,19:19
confirm_d54,644,ga_ls,X-n101-k25,60,71355,60,1,1757,466.8,3870000,1.791e+09,1.035,1.035,1.057,,False,19:19
confirm_d54,645,ga_ls,X-n101-k25,60,71356,60,1,1708,453.7,3975000,1.791e+09,1.006,1.006,1.086,,False,19:19
confirm_d54,646,qn_tuned,X-n101-k25,60,71356,60,1,709.6,176.9,4725000,1.791e+09,0.9949,0.9948,1.291,,False,19:19
confirm_d54,647,pso_tuned,X-n101-k25,60,71356,60,1,722.6,182.2,4030000,1.791e+09,1.059,1.058,1.101,,False,19:19
confirm_d54,648,qn_tuned,X-n101-k25,60,71357,60,1,730.5,181.9,3270000,1.791e+09,1.024,1.023,0.8934,,False,19:19
confirm_d54,649,ortools,X-n101-k25,60,71357,59.9,0.9984,,,3460000,1.791e+09,,,0.9454,,False,19:20
confirm_d54,650,pso_tuned,X-n101-k25,60,71357,60,1,660.6,166.6,4020000,1.791e+09,0.9678,0.9678,1.098,,False,19:20
confirm_d54,651,ortools,X-n101-k25,60,71358,59.9,0.9984,,,3585000,1.791e+09,,,0.9795,,False,19:20
confirm_d54,652,ga_ls,X-n101-k25,60,71357,60,1,1675,444.9,3610000,1.791e+09,0.987,0.9869,0.9863,,False,19:20
confirm_d54,653,qn_tuned,X-n101-k25,60,71358,60,1,677.3,168.5,4245000,1.791e+09,0.9496,0.9471,1.16,,False,19:20
confirm_d54,654,pso_tuned,X-n101-k25,60,71358,60,1,688.6,173.6,4460000,1.791e+09,1.009,1.009,1.219,,False,19:20
confirm_d54,655,ga_ls,X-n101-k25,60,71358,60,1,1686,447.9,3520000,1.791e+09,0.9935,0.9936,0.9617,,False,19:20
confirm_d54,656,qn_tuned,X-n101-k25,60,71359,60,1,663.2,165.3,3620000,1.791e+09,0.9298,0.9296,0.9891,,False,19:20
confirm_d54,657,ga_ls,X-n101-k25,60,71359,60,1,1656,440,3595000,1.791e+09,0.9759,0.976,0.9822,,False,19:20
confirm_d54,658,pso_tuned,X-n101-k25,60,71359,60,1,661.3,166.8,3470000,1.791e+09,0.9687,0.969,0.9481,,False,19:20
confirm_d54,659,ortools,X-n101-k25,60,71359,59.9,0.9984,,,3660000,1.791e+09,,,1,,False,19:20
confirm_d54,660,pso_tuned,X-n101-k25,60,71360,60,1,661.2,166.6,4035000,1.791e+09,0.9686,0.9681,1.102,,False,19:21
confirm_d54,661,ortools,X-n101-k25,60,71360,59.9,0.9984,,,4360000,1.791e+09,,,1.191,,False,19:21
confirm_d54,662,qn_tuned,X-n101-k25,60,71360,60,1,698.1,174.1,3715000,1.791e+09,0.9787,0.9786,1.015,,False,19:21
confirm_d54,663,ortools,X-n101-k25,60,71361,59.91,0.9986,,,4015000,1.791e+09,,,1.097,,False,19:21
confirm_d54,664,ga_ls,X-n101-k25,60,71360,60,1,1684,447.3,3365000,1.791e+09,0.9921,0.9921,0.9194,,False,19:21
confirm_d54,665,pso_tuned,X-n101-k25,60,71361,60,1,659.3,166.2,5015000,1.791e+09,0.9658,0.9656,1.37,,False,19:21
confirm_d54,666,qn_tuned,X-n101-k25,60,71361,60,1,665.9,165.6,3165000,1.791e+09,0.9336,0.9311,0.8648,,False,19:21
confirm_d54,667,ga_ls,X-n101-k25,60,71361,60,1,1675,444.8,3410000,1.791e+09,0.9867,0.9866,0.9317,,False,19:21
confirm_d54,668,qn_tuned,X-n101-k25,60,71362,60,1,716.9,178.8,3285000,1.791e+09,1.005,1.005,0.8975,,False,19:21
confirm_d54,669,ortools,X-n101-k25,60,71362,59.9,0.9984,,,3410000,1.791e+09,,,0.9317,,False,19:21
confirm_d54,670,pso_tuned,X-n101-k25,60,71362,60,1,686,173,3810000,1.791e+09,1.005,1.005,1.041,,False,19:21
confirm_d54,671,ga_ls,X-n101-k25,60,71362,60,1,1743,463.1,4440000,1.791e+09,1.027,1.027,1.213,,False,19:22
confirm_d54,672,ga_ls,X-n101-k25,60,71363,60,1,1767,469.5,4045000,1.791e+09,1.041,1.041,1.105,,False,19:22
confirm_d54,673,ortools,X-n101-k25,60,71363,59.9,0.9984,,,4475000,1.791e+09,,,1.223,,False,19:22
confirm_d54,674,qn_tuned,X-n101-k25,60,71363,60,1,778.4,193.4,4335000,1.791e+09,1.091,1.087,1.184,,False,19:22
confirm_d54,675,pso_tuned,X-n101-k25,60,71363,60,1,681.3,171.7,3415000,1.791e+09,0.998,0.9977,0.9331,,False,19:22
confirm_d54,676,pso_tuned,X-n101-k25,60,71364,60,1,692.6,174.7,3275000,1.791e+09,1.015,1.015,0.8948,,False,19:22
confirm_d54,677,ga_ls,X-n101-k25,60,71364,60,1,1762,468,3835000,1.791e+09,1.038,1.038,1.048,,False,19:22
confirm_d54,678,ortools,X-n101-k25,60,71364,59.9,0.9984,,,3690000,1.791e+09,,,1.008,,False,19:22
confirm_d54,679,ortools,X-n101-k25,60,71365,59.9,0.9984,,,4095000,1.791e+09,,,1.119,,False,19:22
confirm_d54,680,qn_tuned,X-n101-k25,60,71364,60,1,774.5,192.9,4485000,1.791e+09,1.086,1.085,1.225,,False,19:22
confirm_d54,681,qn_tuned,X-n101-k25,60,71365,60,1,708.9,176.5,3070000,1.791e+09,0.9939,0.9924,0.8388,,False,19:22
confirm_d54,682,ga_ls,X-n101-k25,60,71365,60,1,1661,441.2,3265000,1.791e+09,0.9785,0.9786,0.8921,,False,19:23
confirm_d54,683,pso_tuned,X-n101-k25,60,71365,60,1,663.9,167.4,4980000,1.791e+09,0.9726,0.9723,1.361,,False,19:23
confirm_d54,684,ga_ls,X-n101-k25,60,71366,60,1,1674,444.6,3965000,1.791e+09,0.9863,0.9861,1.083,,False,19:23
confirm_d54,685,ortools,X-n101-k25,60,71366,59.9,0.9984,,,4275000,1.791e+09,,,1.168,,False,19:23
confirm_d54,686,pso_tuned,X-n101-k25,60,71366,60,1,692.6,174.6,4065000,1.791e+09,1.015,1.015,1.111,,False,19:23
confirm_d54,687,qn_tuned,X-n101-k25,60,71366,60,1,664,165,3600000,1.791e+09,0.931,0.9279,0.9836,,False,19:23
confirm_d54,688,ga_ls,X-n101-k25,60,71367,60,1,1650,438.4,3595000,1.791e+09,0.9725,0.9724,0.9822,,False,19:23
confirm_d54,689,ortools,X-n101-k25,60,71367,59.9,0.9984,,,3855000,1.791e+09,,,1.053,,False,19:23
confirm_d54,690,ortools,X-n101-k25,60,71368,59.91,0.9984,,,4425000,1.791e+09,,,1.209,,False,19:23
confirm_d54,691,qn_tuned,X-n101-k25,60,71367,60,1,697.2,173.4,4120000,1.791e+09,0.9776,0.975,1.126,,False,19:23
confirm_d54,692,pso_tuned,X-n101-k25,60,71367,60,1,654.6,165.1,3530000,1.791e+09,0.959,0.9589,0.9645,,False,19:23
confirm_d54,693,ga_ls,X-n101-k25,60,71368,60,1,1824,484.6,3590000,1.791e+09,1.075,1.075,0.9809,,False,19:24
confirm_d54,694,pso_tuned,X-n101-k25,60,71368,60,1,733.3,184.9,3640000,1.791e+09,1.074,1.074,0.9945,,False,19:24
confirm_d54,695,qn_tuned,X-n101-k25,60,71368,60,1,876,218.3,3460000,1.791e+09,1.228,1.227,0.9454,,False,19:24
confirm_d54,696,ga_ls,X-n101-k25,60,71369,60,1,1825,484.8,2995000,1.791e+09,1.075,1.075,0.8183,,False,19:24
confirm_d54,697,qn_tuned,X-n101-k25,60,71369,60,1,738.4,183.7,3820000,1.791e+09,1.035,1.033,1.044,,False,19:24
confirm_d54,698,ortools,X-n101-k25,60,71369,59.91,0.9985,,,3385000,1.791e+09,,,0.9249,,False,19:24
confirm_d54,699,pso_tuned,X-n101-k25,60,71369,60,1,729.3,183.9,4035000,1.791e+09,1.068,1.069,1.102,,False,19:24
confirm_d54,700,qn_tuned,X-n101-k25,60,71370,60,1,772.2,192.3,3045000,1.791e+09,1.083,1.081,0.832,,False,19:24
confirm_d54,701,ortools,X-n101-k25,60,71370,59.9,0.9984,,,4260000,1.791e+09,,,1.164,,False,19:24
confirm_d54,702,ga_ls,X-n101-k25,60,71370,60,1,1719,456.7,3540000,1.791e+09,1.013,1.013,0.9672,,False,19:24
confirm_d54,703,pso_tuned,X-n101-k25,60,71370,60,1,749.9,189.1,4190000,1.791e+09,1.099,1.098,1.145,,False,19:24
confirm_d54,704,ortools,X-n101-k25,60,71371,59.9,0.9984,,,3280000,1.791e+09,,,0.8962,,False,19:25
confirm_d54,705,pso_tuned,X-n101-k25,60,71371,60,1,789.3,199,3160000,1.791e+09,1.156,1.156,0.8634,,False,19:25
confirm_d54,706,ortools,X-n101-k25,60,71372,59.9,0.9984,,,3640000,1.791e+09,,,0.9945,,False,19:25
confirm_d54,707,ga_ls,X-n101-k25,60,71371,60,1,1923,510.8,3630000,1.791e+09,1.133,1.133,0.9918,,False,19:25
confirm_d54,708,qn_tuned,X-n101-k25,60,71371,60,1,758.9,189.1,3690000,1.791e+09,1.064,1.063,1.008,,False,19:25
confirm_d54,709,pso_tuned,X-n101-k25,60,71372,60,1,755.3,190.5,3220000,1.791e+09,1.106,1.107,0.8798,,False,19:25
confirm_d54,710,ga_ls,X-n101-k25,60,71372,60,1,1925,511.3,3905000,1.791e+09,1.134,1.134,1.067,,False,19:25
confirm_d54,711,qn_tuned,X-n101-k25,60,71372,60,1,758.7,188.4,3745000,1.791e+09,1.064,1.059,1.023,,False,19:25
confirm_d54,712,ortools,X-n101-k25,60,71373,59.9,0.9984,,,3620000,1.791e+09,,,0.9891,,False,19:25
confirm_d54,713,pso_tuned,X-n101-k25,60,71373,60,1,809.3,204.1,3685000,1.791e+09,1.186,1.186,1.007,,False,19:25
confirm_d54,714,qn_tuned,X-n101-k25,60,71373,60,1,892.3,222.3,3520000,1.791e+09,1.251,1.25,0.9617,,False,19:25
confirm_d54,715,ga_ls,X-n101-k25,60,71373,60,1,2350,624.2,4360000,1.791e+09,1.384,1.385,1.191,,False,19:26
confirm_d54,716,ortools,X-n101-k25,60,71374,59.9,0.9984,,,4065000,1.791e+09,,,1.111,,False,19:26
confirm_d54,717,pso_tuned,X-n101-k25,60,71374,60,1,920,232.1,3405000,1.791e+09,1.348,1.349,0.9303,,False,19:26
confirm_d54,718,qn_tuned,X-n101-k25,60,71374,60,1,988.7,245.9,3685000,1.791e+09,1.386,1.383,1.007,,False,19:26
confirm_d54,719,ga_ls,X-n101-k25,60,71374,60,1,2377,631.6,4125000,1.791e+09,1.401,1.401,1.127,,False,19:26
