budget_type,budget,instance,algo,runs,runs_fleet_ok,fleet_violations,seeds,F_mean,F_std,D_best,D_mean,D_median,D_worst,D_std,gap_best_pct,gap_mean_pct,gap_std_pct,vehicles_mean,evals_to_1pct_median,evals_to_5pct_median,time_to_1pct_s_median,time_to_5pct_s_median,evals_mean,wall_s_mean,ls_calls_mean
time,10,P-n16-k8,ortools,10,10,0,12345..12354,0.905433,1.17028e-16,450,450,450,450,0,0,0,0,8,0,0,0.08915,0.08735,0,9.95327,0
time,10,P-n16-k8,pso_ls,10,10,0,12345..12354,0.905433,1.17028e-16,450,450,450,450,0,0,0,0,8,100,100,0.00725,0.00725,103786,10.0007,26193.2
time,10,P-n16-k8,qpso_noqubo,10,10,0,12345..12354,0.905433,1.17028e-16,450,450,450,450,0,0,0,0,8,100,100,0.0095,0.0095,87872,10.0008,21964.4
time,10,P-n19-k2,ortools,10,10,0,13345..13354,0.848,1.17028e-16,212,212,212,212,0,0,0,0,2,0,0,2.51205,0.13035,0,9.95387,0
time,10,P-n19-k2,qpso_noqubo,10,10,0,13345..13354,0.8516,0.0113842,212,212.9,212,221,2.84605,0,0.424528,1.34248,2,300,200,0.04435,0.02215,76506.3,10.0007,18539.7
time,10,P-n19-k2,pso_ls,10,10,0,13345..13354,0.8848,0.0150614,212,221.2,222,224,3.76534,0,4.33962,1.7761,2,200,100,0.0191,0.0129,76388.7,10.0006,19274.7
time,10,P-n22-k8,ortools,10,10,0,14345..14354,0.752809,0,603,603,603,603,0,0,0,0,8,0,0,0.70585,0.1364,0,9.95229,0
time,10,P-n22-k8,pso_ls,10,10,0,14345..14354,0.752809,0,603,603,603,603,0,0,0,0,8,200,100,0.01775,0.01265,65963.2,10.0007,16641.4
time,10,P-n22-k8,qpso_noqubo,10,10,0,14345..14354,0.752809,0,603,603,603,603,0,0,0,0,8,100,100,0.01325,0.01325,69949.4,10.0008,17265.8
