budget_type,budget,instance,algo,runs,seeds,F_mean,F_std,D_best,D_mean,D_median,D_worst,D_std,gap_best_pct,gap_mean_pct,vehicles_mean,evals_to_5pct_median,evals_mean,wall_s_mean
evals,12000,A-n44-k6,pso_ls,5,16345..16349,0.714162,0.0186126,953,993.4,999,1023,25.8902,1.70758,6.01921,6.2,100,12000,5.29071
evals,12000,A-n44-k6,qpso_full,5,16345..16349,0.711574,0.0110136,975,989.8,983,1012,15.3199,4.0555,5.63501,6.2,100,12000,22.1608
evals,12000,A-n44-k6,qpso_norenorm,5,16345..16349,0.713875,0.0130892,981,993,986,1025,18.2071,4.69584,5.97652,6,100,12000,24.1185
evals,12000,A-n44-k6,ga_ls,5,16345..16349,0.688138,0.00905652,937,957.2,964,968,12.5976,0,2.15582,6,200,12000,20.8093
evals,12000,A-n44-k6,qpso_prefix,5,16345..16349,0.766211,0.0307008,1016,1065.8,1059,1127,42.7048,8.43116,13.746,6.2,100,12000,21.961
time,10,A-n44-k6,qpso_prefix,5,16345..16349,0.766211,0.0307008,1016,1065.8,1059,1127,42.7048,8.43116,13.746,6.2,100,7561.2,10.0021
time,10,A-n44-k6,qpso_norenorm,5,16345..16349,0.713875,0.0130892,981,993,986,1025,18.2071,4.69584,5.97652,6,100,7560.4,10.0016
time,10,A-n44-k6,qpso_full,5,16345..16349,0.711574,0.0110136,975,989.8,983,1012,15.3199,4.0555,5.63501,6.2,100,7356.4,10.0021
time,10,A-n44-k6,pso_ls,5,16345..16349,0.714162,0.0186126,953,993.4,999,1023,25.8902,1.70758,6.01921,6.2,100,33029,10.0012
time,10,A-n44-k6,ga_ls,5,16345..16349,0.688138,0.00905652,937,957.2,964,968,12.5976,0,2.15582,6,200,5932.8,10.0024
