time,free_gb,step
2026-10-04 16:16:57,5.54,d51_rerun_bench_core_v1
2026-10-04 16:17:57,4.53,d51_rerun_bench_core_v1
2026-10-04 16:18:57,3.71,d51_rerun_ablation
2026-10-04 16:19:57,3.80,d51_rerun_ablation
2026-10-04 16:20:57,5.54,d51_rerun_alpha_sweep
2026-10-04 16:21:57,4.96,milp_parallel
2026-10-04 16:22:57,4.75,milp_parallel
2026-10-04 16:23:57,5.05,milp_parallel
2026-10-04 16:24:57,5.08,milp_parallel
2026-10-04 16:25:57,5.03,milp_parallel
2026-10-04 16:26:57,5.07,milp_parallel
2026-10-04 16:27:57,5.20,milp_parallel
2026-10-04 16:28:57,5.26,milp_parallel
2026-10-04 16:29:57,5.27,milp_parallel
2026-10-04 16:30:57,5.26,milp_parallel
2026-10-04 16:31:57,5.24,milp_parallel
2026-10-04 16:32:57,5.26,milp_parallel
2026-10-04 16:33:57,5.28,milp_parallel
2026-10-04 17:02:44,5.04,d51_pass2_move
2026-10-04 17:03:44,4.97,d51_pass2_bench_core_v1
2026-10-04 17:04:44,4.78,d51_pass2_ablation
2026-10-04 17:05:44,4.74,milp_parallel
2026-10-04 17:06:44,4.73,milp_parallel
2026-10-04 17:07:44,4.76,milp_parallel
2026-10-04 17:08:44,4.83,milp_parallel
2026-10-04 17:09:44,4.59,milp_parallel
2026-10-04 17:10:44,4.62,milp_parallel
2026-10-04 17:11:44,4.63,milp_parallel
2026-10-04 17:12:44,4.40,milp_parallel
2026-10-04 17:13:44,4.48,milp_parallel
2026-10-04 17:14:44,4.55,milp_parallel
2026-10-04 17:15:44,4.92,qubo_check
2026-10-04 18:07:14,4.39,d55_move_bench_core_v1
2026-10-04 18:08:14,2.73,d55_rerun_bench_core_v1
2026-10-04 18:09:14,2.66,d55_rerun_bench_core_v1
2026-10-04 18:10:14,2.64,d55_rerun_bench_core_v1
2026-10-04 18:11:14,2.68,d55_rerun_bench_core_v1
2026-10-04 18:12:14,2.66,d55_rerun_bench_core_v1
2026-10-04 18:13:14,2.13,d55_rerun_bench_core_v1
2026-10-04 18:14:14,2.00,d55_rerun_bench_core_v1
2026-10-04 18:15:14,2.00,d55_rerun_bench_core_v1
2026-10-04 18:16:14,1.98,d55_rerun_bench_core_v1
2026-10-04 18:17:14,1.97,d55_rerun_bench_core_v1
2026-10-04 18:18:14,1.91,d55_rerun_bench_core_v1
2026-10-04 18:19:14,2.21,d55_rerun_bench_core_v1
2026-10-04 18:20:14,2.36,d55_rerun_bench_core_v1
2026-10-04 18:21:14,2.80,d55_rerun_scaling
2026-10-04 18:22:14,2.96,d55_rerun_scaling
2026-10-04 18:23:14,2.49,d55_rerun_scaling
2026-10-04 18:24:14,2.38,d55_rerun_scaling
2026-10-04 18:25:14,2.47,d55_rerun_scaling
2026-10-04 18:26:14,2.52,d55_rerun_scaling
2026-10-04 18:27:14,2.59,d55_rerun_scaling
2026-10-04 18:28:14,3.06,p_small
2026-10-04 18:29:14,2.93,p_small
