line_index,arrival_epoch_s,note
363,1791104282.879,logger started; lines before this index have no arrival time
363,1791104288.101,
364,1791104288.101,
365,1791104288.101,
366,1791104288.101,
367,1791104288.101,
368,1791104288.101,
369,1791104288.101,
370,1791104288.101,
371,1791104288.101,
372,1791104288.101,
373,1791104288.101,
374,1791104318.708,
375,1791104318.708,
376,1791104318.708,
377,1791104318.708,
378,1791104318.708,
379,1791104318.708,
380,1791104318.708,
381,1791104318.708,
382,1791104318.708,
383,1791104318.708,
384,1791104318.708,
385,1791104348.178,
386,1791104348.178,
387,1791104348.178,
388,1791104348.178,
389,1791104348.178,
390,1791104348.178,
391,1791104348.178,
392,1791104348.178,
393,1791104348.178,
394,1791104348.178,
395,1791104348.178,
396,1791104378.782,
397,1791104378.782,
398,1791104378.782,
399,1791104378.782,
400,1791104378.782,
401,1791104378.782,
402,1791104378.782,
403,1791104378.782,
404,1791104378.782,
405,1791104378.782,
406,1791104378.782,
407,1791104408.325,
408,1791104408.325,
409,1791104408.325,
410,1791104408.325,
411,1791104408.325,
412,1791104408.325,
413,1791104408.325,
414,1791104408.325,
415,1791104408.325,
416,1791104408.325,
417,1791104408.325,
418,1791104437.895,
419,1791104437.895,
420,1791104437.895,
421,1791104437.895,
422,1791104437.895,
423,1791104437.895,
424,1791104439.055,
425,1791104439.055,
426,1791104439.055,
427,1791104439.055,
428,1791104439.055,
429,1791104468.596,
430,1791104468.596,
431,1791104468.596,
432,1791104468.596,
433,1791104468.596,
434,1791104468.596,
435,1791104468.596,
436,1791104468.596,
437,1791104468.596,
438,1791104468.596,
439,1791104468.596,
440,1791104498.233,
441,1791104498.233,
442,1791104498.233,
443,1791104498.233,
444,1791104498.233,
445,1791104498.233,
446,1791104498.233,
447,1791104498.233,
448,1791104498.233,
449,1791104498.233,
450,1791104498.233,
451,1791104528.980,
452,1791104528.980,
453,1791104528.980,
454,1791104528.980,
455,1791104528.980,
456,1791104528.980,
457,1791104528.980,
458,1791104528.980,
459,1791104528.980,
460,1791104528.980,
461,1791104528.980,
462,1791104558.901,
463,1791104558.901,
464,1791104558.901,
465,1791104558.901,
466,1791104558.901,
467,1791104558.901,
468,1791104558.901,
469,1791104558.901,
470,1791104558.901,
471,1791104558.901,
472,1791104558.901,
473,1791104588.776,
474,1791104588.776,
475,1791104588.776,
476,1791104588.776,
477,1791104588.776,
478,1791104588.776,
479,1791104588.776,
480,1791104588.776,
481,1791104588.776,
482,1791104588.776,
483,1791104588.776,
484,1791104618.476,
485,1791104618.476,
486,1791104618.476,
487,1791104618.476,
488,1791104618.476,
489,1791104618.476,
490,1791104618.476,
491,1791104618.476,
492,1791104618.476,
493,1791104618.476,
494,1791104618.476,
495,1791104648.305,
496,1791104648.305,
497,1791104648.305,
498,1791104648.305,
499,1791104648.305,
500,1791104648.305,
501,1791104648.305,
502,1791104648.305,
503,1791104648.305,
504,1791104648.305,
505,1791104648.305,
506,1791104678.182,
507,1791104678.182,
508,1791104678.182,
509,1791104678.182,
510,1791104678.182,
511,1791104678.182,
512,1791104678.182,
513,1791104678.182,
514,1791104678.182,
515,1791104678.182,
516,1791104678.182,
517,1791104708.106,
518,1791104708.106,
519,1791104708.106,
520,1791104708.106,
521,1791104708.106,
522,1791104708.106,
523,1791104708.106,
524,1791104708.106,
525,1791104708.106,
526,1791104708.106,
527,1791104708.106,
528,1791104738.024,
529,1791104738.024,
530,1791104738.024,
531,1791104738.024,
532,1791104738.024,
533,1791104738.024,
534,1791104738.024,
535,1791104739.208,
536,1791104739.208,
537,1791104739.208,
538,1791104739.208,
539,1791104768.035,
540,1791104768.035,
541,1791104768.035,
542,1791104768.035,
543,1791104768.035,
544,1791104768.035,
545,1791104768.035,
546,1791104769.289,
547,1791104769.289,
548,1791104769.289,
549,1791104769.289,
550,1791104798.082,
551,1791104798.082,
552,1791104798.082,
553,1791104798.082,
554,1791104798.082,
555,1791104798.082,
556,1791104798.082,
557,1791104798.082,
558,1791104799.247,
559,1791104799.247,
560,1791104799.247,
561,1791104828.002,
562,1791104828.002,
563,1791104828.002,
564,1791104828.002,
565,1791104828.002,
566,1791104828.002,
567,1791104828.002,
568,1791104829.261,
569,1791104829.261,
570,1791104829.261,
571,1791104829.261,
572,1791104858.177,
573,1791104858.177,
574,1791104858.177,
575,1791104858.177,
576,1791104858.177,
577,1791104858.177,
578,1791104858.177,
579,1791104858.177,
580,1791104858.177,
581,1791104858.177,
582,1791104858.177,
583,1791104888.653,
584,1791104888.653,
585,1791104888.653,
586,1791104888.653,
587,1791104888.653,
588,1791104888.653,
589,1791104888.653,
590,1791104888.653,
591,1791104888.653,
592,1791104888.653,
593,1791104888.653,
594,1791104918.825,
595,1791104918.825,
596,1791104918.825,
597,1791104918.825,
598,1791104918.825,
599,1791104918.825,
600,1791104918.825,
601,1791104918.825,
602,1791104918.825,
603,1791104918.825,
604,1791104918.825,
605,1791104948.013,
606,1791104948.013,
607,1791104948.013,
608,1791104948.013,
609,1791104948.013,
610,1791104948.013,
611,1791104948.013,
612,1791104949.161,
613,1791104949.161,
614,1791104949.161,
615,1791104949.161,
616,1791104978.449,
617,1791104978.449,
618,1791104978.449,
619,1791104978.449,
620,1791104978.449,
621,1791104978.449,
622,1791104978.449,
623,1791104978.449,
624,1791104978.449,
625,1791104978.449,
626,1791104978.449,
627,1791105007.887,
628,1791105007.887,
629,1791105007.887,
630,1791105009.107,
631,1791105009.107,
632,1791105009.107,
633,1791105009.107,
634,1791105009.107,
635,1791105009.107,
636,1791105009.107,
637,1791105009.107,
638,1791105038.701,
639,1791105038.701,
640,1791105038.701,
641,1791105038.701,
642,1791105038.701,
643,1791105038.701,
644,1791105038.701,
645,1791105038.701,
646,1791105038.701,
647,1791105038.701,
648,1791105038.701,
649,1791105068.306,
650,1791105068.306,
651,1791105068.306,
652,1791105068.306,
653,1791105068.306,
654,1791105068.306,
655,1791105068.306,
656,1791105068.306,
657,1791105068.306,
658,1791105068.306,
659,1791105068.306,
660,1791105098.731,
661,1791105098.731,
662,1791105098.731,
663,1791105098.731,
664,1791105098.731,
665,1791105098.731,
666,1791105098.731,
667,1791105098.731,
668,1791105098.731,
669,1791105098.731,
670,1791105098.731,
671,1791105127.998,
672,1791105127.998,
673,1791105127.998,
674,1791105127.998,
675,1791105127.998,
676,1791105127.998,
677,1791105127.998,
678,1791105129.207,
679,1791105129.207,
680,1791105129.207,
681,1791105129.207,
682,1791105158.831,
683,1791105158.831,
684,1791105158.831,
685,1791105158.831,
686,1791105158.831,
687,1791105158.831,
688,1791105158.831,
689,1791105158.831,
690,1791105158.831,
691,1791105158.831,
692,1791105158.831,
693,1791105188.212,
694,1791105188.212,
695,1791105188.212,
696,1791105188.212,
697,1791105188.212,
698,1791105188.212,
699,1791105188.212,
700,1791105188.212,
701,1791105188.212,
702,1791105188.212,
703,1791105188.212,
704,1791105218.648,
705,1791105218.648,
706,1791105218.648,
707,1791105218.648,
708,1791105218.648,
709,1791105218.648,
710,1791105218.648,
711,1791105218.648,
712,1791105218.648,
713,1791105218.648,
714,1791105218.648,
715,1791105247.780,
716,1791105247.780,
717,1791105248.981,
718,1791105248.981,
719,1791105248.981,
720,1791105278.483,
721,1791105278.483,
722,1791105278.483,
723,1791105278.483,
724,1791105278.483,
725,1791105278.483,
726,1791105308.788,
727,1791105308.788,
728,1791105308.788,
729,1791105308.788,
730,1791105308.788,
731,1791105338.201,
732,1791105338.201,
733,1791105338.201,
734,1791105338.201,
735,1791105339.375,
736,1791105339.375,
737,1791105368.842,
738,1791105368.842,
739,1791105368.842,
740,1791105368.842,
741,1791105368.842,
742,1791105398.086,
743,1791105399.312,
744,1791105399.312,
745,1791105399.312,
746,1791105399.312,
747,1791105399.312,
748,1791105428.551,
749,1791105428.551,
750,1791105428.551,
751,1791105428.551,
752,1791105428.551,
753,1791105459.041,
754,1791105459.041,
755,1791105459.041,
756,1791105459.041,
757,1791105459.041,
758,1791105459.041,
759,1791105488.612,
760,1791105488.612,
761,1791105488.612,
762,1791105488.612,
763,1791105488.612,
764,1791105519.185,
765,1791105519.185,
766,1791105519.185,
767,1791105519.185,
768,1791105519.185,
769,1791105519.185,
770,1791105548.710,
771,1791105548.710,
772,1791105548.710,
773,1791105548.710,
774,1791105548.710,
775,1791105578.332,
776,1791105578.332,
777,1791105579.602,
778,1791105579.602,
779,1791105579.602,
780,1791105579.602,
781,1791105608.350,
782,1791105608.350,
783,1791105608.350,
784,1791105608.350,
785,1791105608.350,
786,1791105639.407,
787,1791105639.407,
788,1791105639.407,
789,1791105639.407,
790,1791105639.407,
791,1791105639.407,
792,1791105668.974,
793,1791105668.974,
794,1791105668.974,
795,1791105668.974,
796,1791105668.974,
797,1791105698.701,
798,1791105698.701,
799,1791105698.701,
800,1791105698.701,
801,1791105698.701,
802,1791105698.701,
803,1791105729.185,
804,1791105729.185,
805,1791105729.185,
806,1791105729.185,
807,1791105729.185,
808,1791105758.664,
809,1791105758.664,
810,1791105758.664,
811,1791105758.664,
812,1791105758.664,
813,1791105758.664,
814,1791105788.561,
815,1791105788.561,
816,1791105788.561,
817,1791105788.561,
818,1791105788.561,
819,1791105819.871,
820,1791105819.871,
821,1791105819.871,
822,1791105819.871,
823,1791105819.871,
824,1791105819.871,
825,1791105848.652,
826,1791105848.652,
827,1791105848.652,
828,1791105848.652,
829,1791105848.652,
830,1791105879.667,
831,1791105879.667,
832,1791105879.667,
833,1791105879.667,
834,1791105879.667,
835,1791105879.667,
836,1791105909.210,
837,1791105909.210,
838,1791105909.210,
839,1791105909.210,
840,1791105909.210,
841,1791105939.585,
842,1791105939.585,
843,1791105939.585,
844,1791105939.585,
845,1791105939.585,
846,1791105939.585,
847,1791105968.864,
848,1791105968.864,
849,1791105968.864,
850,1791105968.864,
851,1791105968.864,
852,1791105999.285,
853,1791105999.285,
854,1791105999.285,
855,1791105999.285,
856,1791105999.285,
857,1791105999.285,
858,1791106028.649,
859,1791106028.649,
860,1791106028.649,
861,1791106028.649,
862,1791106028.649,
863,1791106060.150,
864,1791106060.150,
865,1791106060.150,
866,1791106060.150,
867,1791106060.150,
868,1791106060.150,
869,1791106088.490,
870,1791106089.631,
871,1791106089.631,
872,1791106089.631,
873,1791106089.631,
874,1791106120.100,
875,1791106120.100,
876,1791106120.100,
877,1791106120.100,
878,1791106120.100,
879,1791106120.100,
880,1791106149.472,
881,1791106149.472,
882,1791106149.472,
883,1791106149.472,
884,1791106149.472,
885,1791106179.947,
886,1791106179.947,
887,1791106179.947,
888,1791106179.947,
889,1791106179.947,
890,1791106179.947,
891,1791106209.263,
892,1791106209.263,
893,1791106209.263,
894,1791106209.263,
895,1791106209.263,
896,1791106239.778,
897,1791106239.778,
898,1791106239.778,
899,1791106239.778,
900,1791106239.778,
901,1791106239.778,
902,1791106269.149,
903,1791106269.149,
904,1791106269.149,
905,1791106269.149,
906,1791106269.149,
907,1791106299.645,
908,1791106299.645,
909,1791106299.645,
910,1791106299.645,
911,1791106299.645,
912,1791106299.645,
913,1791106329.078,
914,1791106329.078,
915,1791106329.078,
916,1791106329.078,
917,1791106329.078,
918,1791106359.977,
919,1791106359.977,
920,1791106359.977,
921,1791106359.977,
922,1791106359.977,
923,1791106359.977,
924,1791106389.632,
925,1791106389.632,
926,1791106389.632,
927,1791106389.632,
928,1791106389.632,
929,1791106419.250,
930,1791106420.431,
931,1791106420.431,
932,1791106420.431,
933,1791106420.431,
934,1791106420.431,
935,1791106448.819,
936,1791106448.819,
937,1791106448.819,
938,1791106448.819,
939,1791106449.988,
940,1791106479.437,
941,1791106479.437,
942,1791106479.437,
943,1791106479.437,
944,1791106479.437,
945,1791106480.614,
946,1791106509.303,
947,1791106509.303,
948,1791106509.303,
949,1791106509.303,
950,1791106509.303,
951,1791106540.016,
952,1791106540.016,
953,1791106540.016,
954,1791106540.016,
955,1791106540.016,
956,1791106540.016,
957,1791106569.485,
958,1791106569.485,
959,1791106569.485,
960,1791106569.485,
961,1791106569.485,
962,1791106600.028,
963,1791106600.028,
964,1791106600.028,
965,1791106600.028,
966,1791106600.028,
967,1791106600.028,
968,1791106629.690,
969,1791106629.690,
970,1791106629.690,
971,1791106629.690,
972,1791106629.690,
973,1791106660.436,
974,1791106660.436,
975,1791106660.436,
976,1791106660.436,
977,1791106660.436,
978,1791106660.436,
979,1791106689.018,
980,1791106689.018,
981,1791106689.018,
982,1791106689.018,
983,1791106689.018,
984,1791106719.769,
985,1791106719.769,
986,1791106719.769,
987,1791106719.769,
988,1791106719.769,
989,1791106719.769,
990,1791106749.609,
991,1791106749.609,
992,1791106749.609,
993,1791106749.609,
994,1791106749.609,
995,1791106779.510,
996,1791106779.510,
997,1791106779.510,
998,1791106779.510,
999,1791106779.510,
1000,1791106779.510,
1001,1791106809.244,
1002,1791106809.244,
1003,1791106809.244,
1004,1791106809.244,
1005,1791106809.244,
1006,1791106840.024,
1007,1791106840.024,
1008,1791106840.024,
1009,1791106840.024,
1010,1791106840.024,
1011,1791106840.024,
1012,1791106869.734,
1013,1791106869.734,
1014,1791106869.734,
1015,1791106869.734,
1016,1791106869.734,
1017,1791106899.346,
1018,1791106900.537,
1019,1791106900.537,
1020,1791106900.537,
1021,1791106900.537,
1022,1791106900.537,
1023,1791106929.124,
1024,1791106929.124,
1025,1791106929.124,
1026,1791106929.124,
1027,1791106929.124,
1028,1791106959.943,
1029,1791106959.943,
1030,1791106959.943,
1031,1791106959.943,
1032,1791106959.943,
1033,1791106959.943,
1034,1791106989.760,
1035,1791106989.760,
1036,1791106989.760,
1037,1791106989.760,
1038,1791106989.760,
1039,1791107019.593,
1040,1791107019.593,
1041,1791107019.593,
1042,1791107019.593,
1043,1791107019.593,
1044,1791107020.776,
1045,1791107049.495,
1046,1791107049.495,
1047,1791107050.685,
1048,1791107050.685,
1049,1791107050.685,
1050,1791107080.517,
1051,1791107080.517,
1052,1791107080.517,
1053,1791107080.517,
1054,1791107080.517,
1055,1791107080.517,
1056,1791107109.325,
1057,1791107109.325,
1058,1791107109.325,
1059,1791107109.325,
1060,1791107109.325,
1061,1791107140.330,
1062,1791107140.330,
1063,1791107140.330,
1064,1791107140.330,
1065,1791107140.330,
1066,1791107140.330,
1067,1791107169.200,
1068,1791107169.200,
1069,1791107169.200,
1070,1791107169.200,
1071,1791107169.200,
1072,1791107199.359,
1073,1791107200.472,
1074,1791107200.472,
1075,1791107200.472,
1076,1791107200.472,
1077,1791107200.472,
1078,1791107229.562,
1079,1791107229.562,
