id,area,lat,lon,osmid,demand,service
0,Balanagar (depot),17.4735846,78.4476263,11527556249,0,0.0
1,Hitech City,17.4475267,78.3782769,314941036,17,5.0
2,Gachibowli,17.4331051,78.3645263,1306419971,21,5.0
3,Madhapur,17.4424058,78.3916139,349267526,15,5.0
4,Kondapur,17.460273,78.3641998,11486610892,22,5.0
5,Kukatpally,17.4979448,78.4015637,1428866597,20,5.0
6,Ameerpet,17.4316178,78.4479585,10705026549,10,5.0
7,Begumpet,17.44865,78.4579664,366528518,21,5.0
8,Secunderabad,17.4281201,78.4908488,2859545364,21,5.0
9,Banjara Hills,17.4047847,78.4333462,3547294830,23,5.0
10,Jubilee Hills,17.4348255,78.4079337,1578599744,17,5.0
11,Abids,17.3906008,78.4607661,308779479,21,5.0
12,Dilsukhnagar,17.3686112,78.5253881,312819846,24,5.0
13,LB Nagar,17.3365338,78.5495281,2249700761,7,5.0
14,Mehdipatnam,17.3910446,78.4376773,3579910407,9,5.0
15,Tolichowki,17.3939215,78.4145031,4259890097,17,5.0
16,Hitech City,17.4435426,78.376845,3174084752,22,5.0
17,Gachibowli,17.4409156,78.3641536,1304459622,24,5.0
18,Madhapur,17.4487701,78.3999474,4194755753,22,5.0
19,Kondapur,17.4552786,78.3692393,2582258405,20,5.0
20,Kukatpally,17.4911912,78.4116616,3602319511,15,5.0
21,Ameerpet,17.4423639,78.4411739,3195149162,18,5.0
22,Begumpet,17.4471063,78.4651915,366528682,13,5.0
23,Secunderabad,17.4441704,78.4979348,308960176,17,5.0
24,Banjara Hills,17.4240185,78.4315181,365209262,25,5.0
25,Jubilee Hills,17.4342637,78.4042727,6994544958,25,5.0
26,Abids,17.3841894,78.472774,2847663734,8,5.0
27,Dilsukhnagar,17.3677336,78.5302441,7680080520,13,5.0
28,LB Nagar,17.3376276,78.5474165,2249700875,25,5.0
29,Mehdipatnam,17.3998773,78.419355,2852473513,6,5.0
30,Tolichowki,17.3980973,78.4211728,2852516299,18,5.0
31,Hitech City,17.451133,78.3749144,1318403055,25,5.0
32,Gachibowli,17.439324,78.3641509,1318404640,16,5.0
33,Madhapur,17.4459267,78.3893235,3602304990,6,5.0
34,Kondapur,17.463374,78.3643458,11101162912,8,5.0
35,Kukatpally,17.4880062,78.3992797,1987987391,25,5.0
36,Ameerpet,17.443443,78.4520456,343315549,13,5.0
37,Begumpet,17.4442967,78.4702536,11539848656,20,5.0
38,Secunderabad,17.4457295,78.499183,3598261689,16,5.0
39,Banjara Hills,17.4176294,78.4279096,6149177580,21,5.0
40,Jubilee Hills,17.4222969,78.3948296,3602299499,5,5.0
41,Abids,17.3899362,78.4702302,7682117716,6,5.0
42,Dilsukhnagar,17.38223,78.5197884,2236282312,15,5.0
43,LB Nagar,17.3418046,78.5532522,4698144744,23,5.0
44,Mehdipatnam,17.3948715,78.4299304,2859817810,12,5.0
45,Tolichowki,17.4030939,78.4171139,12857084331,13,5.0
46,Hitech City,17.4467116,78.3777635,11037130706,24,5.0
47,Madhapur,17.4430932,78.3972776,324210242,25,5.0
48,Kondapur,17.4660588,78.36411,11613101747,5,5.0
49,Kukatpally,17.4940716,78.3870801,12027521967,9,5.0
50,Ameerpet,17.4398063,78.4354548,351828924,9,5.0
51,Begumpet,17.4485478,78.4567408,366528515,11,5.0
52,Secunderabad,17.4351465,78.502966,3598258118,24,5.0
53,Banjara Hills,17.4159495,78.4260649,7682792646,9,5.0
54,Jubilee Hills,17.4413621,78.4074583,1313393183,14,5.0
55,Abids,17.3901638,78.4748773,13997046114,21,5.0
56,Dilsukhnagar,17.3754361,78.5216932,312810373,20,5.0
57,LB Nagar,17.3455862,78.5473681,2245995308,20,5.0
58,Mehdipatnam,17.3884905,78.4386087,1820106363,24,5.0
59,Tolichowki,17.3977471,78.4194224,6829353277,20,5.0
60,Hitech City,17.4426791,78.3748428,4173995202,10,5.0
